	MCC	0:1	ACC	BACC	Sensitivity	Specificity	PPV	NPV	F1	AUC 1
Fold 1	0.6480034581768953	8438:17469	0.8488053421855097	0.8136924935161953	0.9144198294121014	0.7129651576202891	0.8683409436834094	0.8009585940620423	0.8907848877735953	0.9111780050805062
Fold 2	0.635155126946826	8394:17512	0.8452482050490234	0.7976095060395225	0.9329602558245774	0.6622587562544675	0.8521358159912377	0.8256349324223972	0.8907182772250238	0.9092292702547111
Fold 3	0.6409348297742528	8459:17447	0.8464834401296997	0.8050585851099359	0.924456926692268	0.6856602435276037	0.8584734937193954	0.8148356279853891	0.8902442389954465	0.9100055938925105
Fold 4	0.6476233110996038	8497:17409	0.847718675210376	0.8150628024381097	0.9099890861048883	0.7201365187713311	0.8694840834248079	0.7961228207129847	0.8892755901091807	0.9112045593761342
Fold 5	0.6432896098354032	8521:17385	0.8468694510924111	0.8058464669854042	0.9257405809605982	0.6859523530102101	0.8574320724560469	0.8190863228699552	0.890277969852026	0.9112138219345213
Mean	0.6430012671665962	-	0.847025022733404	0.8074539708178335	0.9215133357988867	0.6933946058367801	0.8611732818549795	0.8113276596105535	0.8902601927910545	0.9105662501076767
SD	0.004326284517566154	-	0.0010897466407380689	0.005803000834567851	0.007535388410121451	0.019073476440626076	0.006101995463258914	0.010131678038496399	0.0004924698234397634	0.0007419436926909797
Test set	0.649956887210442	26068:53237	0.8494546371603303	0.8112634397141922	0.9227417021995981	0.6997851772287863	0.8625812115891133	0.8160143144710356	0.8916478350440615	0.9125873232538473
