	MCC	0:1	ACC	BACC	Sensitivity	Specificity	PPV	NPV	F1	AUC 1
Fold 1	0.6100468256958751	854:486	0.8194029850746268	0.8055579649386571	0.7551440329218106	0.8559718969555035	0.7489795918367347	0.86	0.7520491803278688	0.8910079413267027
Fold 2	0.626662606317228	820:520	0.8238805970149253	0.8107176360225141	0.7519230769230769	0.8695121951219512	0.785140562248996	0.8467933491686461	0.768172888015717	0.8908606941838648
Fold 3	0.5953827239601129	816:524	0.808955223880597	0.7943094222421794	0.7270992366412213	0.8615196078431373	0.771255060728745	0.8309692671394799	0.7485265225933202	0.8751192748091603
Fold 4	0.599009724353953	781:559	0.8067164179104478	0.790964521884928	0.6958855098389982	0.8860435339308579	0.8138075313807531	0.802784222737819	0.7502410800385728	0.8797331067229528
Fold 5	0.600904576194287	807:532	0.8103061986557132	0.7974688114337889	0.7349624060150376	0.8599752168525403	0.7757936507936508	0.8311377245508982	0.7548262548262548	0.8850495197100557
Mean	0.6064012913042912	-	0.813852284507262	0.7998036713044134	0.7330028524680289	0.8666044901407979	0.7789952793977759	0.8343369127193687	0.7547631851603468	0.8843541073505474
SD	0.010247510041905716	-	0.00603950671654588	0.006658270883274234	0.01942762817523586	0.009739836599285867	0.019238677622491852	0.01746856674405487	0.006410087432972627	0.005682261228583609
Test set	0.427688909173078	1707:1736	0.7020040662213186	0.7033236348567433	0.5466589861751152	0.8599882835383714	0.7988215488215489	0.6509977827050998	0.6491108071135431	0.7822710565602737
