	MCC	0:1	ACC	BACC	Sensitivity	Specificity	PPV	NPV	F1	AUC 1
Fold 1	0.6343042764422372	322:186	0.8326771653543307	0.7908067855473184	0.6344086021505376	0.9472049689440993	0.8740740740740741	0.8176943699731903	0.7352024922118381	0.8825552661457291
Fold 2	0.6288049599445803	336:172	0.8346456692913385	0.8125692137320044	0.7441860465116279	0.8809523809523809	0.7619047619047619	0.8705882352941177	0.7529411764705882	0.8810908084163899
Fold 3	0.6384972795713159	340:168	0.844488188976378	0.8025210084033614	0.6785714285714286	0.9264705882352942	0.8201438848920863	0.8536585365853658	0.742671009771987	0.8772408963585434
Fold 4	0.615453463733987	332:176	0.8287401574803149	0.8008967688937568	0.7102272727272727	0.891566265060241	0.7763975155279503	0.8530259365994236	0.7418397626112759	0.8874246987951807
Fold 5	0.6531292790598004	305:203	0.8346456692913385	0.811225066623597	0.6945812807881774	0.9278688524590164	0.8650306748466258	0.8202898550724638	0.7704918032786885	0.9031898570621013
Mean	0.6340378517503841	-	0.8350393700787402	0.8036037686400077	0.6923949261498088	0.9148126111302062	0.8195101822490998	0.8430513867049122	0.7486292488688756	0.8863003053555888
SD	0.011233897438203935	-	0.00474078526724109	0.007196369249873037	0.03306205210318892	0.022518683005680964	0.041285230614400543	0.018847400016081373	0.011243068502189608	0.008263960772259
Test set	0.22951178320287893	802:347	0.6457789382071366	0.6220022709796115	0.5619596541786743	0.6820448877805486	0.43333333333333335	0.7825464949928469	0.4893350062735257	0.6898495835339605
