	MCC	0:1	ACC	BACC	Sensitivity	Specificity	PPV	NPV	F1	AUC 1
Fold 1	0.5218168085169014	868:694	0.765044814340589	0.7546547762918498	0.6613832853025937	0.847926267281106	0.7766497461928934	0.7579814624098867	0.7143968871595332	0.8328746065684804
Fold 2	0.49371926339432515	888:674	0.7528809218950064	0.745114550752533	0.6884272997032641	0.8018018018018018	0.725	0.7722342733188721	0.7062404870624049	0.8238264228620311
Fold 3	0.5176292215534998	909:653	0.7669654289372599	0.7562203387260624	0.6906584992343032	0.8217821782178217	0.7357259380097879	0.7871443624868283	0.7124802527646129	0.8425318029505859
Fold 4	0.5511643328628485	914:648	0.7836107554417413	0.7728813788259449	0.7098765432098766	0.8358862144420132	0.7540983606557377	0.8025210084033614	0.7313195548489666	0.8610570818812979
Fold 5	0.538776139693613	902:660	0.7765685019206146	0.7662971175166298	0.7	0.8325942350332595	0.7536704730831973	0.7913593256059009	0.7258444619010211	0.8598098501646174
Mean	0.5246211532042375	-	0.7690140845070422	0.759033632422604	0.6900691254900074	0.8279981393552005	0.7490289035883233	0.7822480864449699	0.7180563287473077	0.8440199528854025
SD	0.017872615365700527	-	0.009577430553116864	0.008806703253179041	0.014814837415267878	0.014173698533794497	0.01614781517399579	0.014184058294679962	0.008373235490393397	0.013377821260506531
Test set	0.582151045585699	2706:2077	0.795943968220782	0.7861416221944423	0.7116032739528165	0.860679970436068	0.7967654986522911	0.7954234972677595	0.7517802644964394	0.8708722854506524
