	MCC	0:1	ACC	BACC	Sensitivity	Specificity	PPV	NPV	F1	AUC 1
Fold 1	0.6300783908361192	854:486	0.8283582089552238	0.8161303379882614	0.7716049382716049	0.860655737704918	0.7591093117408907	0.8687943262411347	0.7653061224489796	0.8932872177407697
Fold 2	0.6393441255278555	820:520	0.8305970149253732	0.8140947467166979	0.7403846153846154	0.8878048780487805	0.8071278825995807	0.8435689455388181	0.7723169508525577	0.8947209193245779
Fold 3	0.6282829467945713	816:524	0.8246268656716418	0.8099086963029487	0.7423664122137404	0.8774509803921569	0.7955010224948875	0.8413631022326674	0.768015794669299	0.8890370079329442
Fold 4	0.6462882374996864	781:559	0.8291044776119403	0.8195778999906088	0.7620751341681574	0.8770806658130602	0.8160919540229885	0.8374083129584352	0.7881591119333949	0.894076444354859
Fold 5	0.6150091263723798	807:532	0.8162808065720687	0.8062686921765381	0.7575187969924813	0.8550185873605948	0.775	0.8424908424908425	0.7661596958174904	0.8981165739627881
Mean	0.6318005654061224	-	0.8257934747472495	0.813196074635011	0.7547899794061198	0.871602169863902	0.7905660341716694	0.8467251058923795	0.7719915351443443	0.8938476326631879
SD	0.009696132328327505	-	0.004698695427399341	0.0042610775599225695	0.010840681877001167	0.010966538808575335	0.01907025748504727	0.01025097178607684	0.007702900317191112	0.0026612972833795732
Test set	0.4244339706034553	1707:1736	0.7046180656404298	0.7056711453786118	0.5806451612903226	0.830697129466901	0.7771781033153431	0.6607642124883504	0.6646884272997033	0.7807334396993675
