	MCC	0:1	ACC	BACC	Sensitivity	Specificity	PPV	NPV	F1	AUC 1
Fold 1	0.4754182989204372	868:694	0.7426376440460948	0.7340602132830449	0.6570605187319885	0.8110599078341014	0.7354838709677419	0.7473460721868365	0.6940639269406393	0.8238057610326831
Fold 2	0.5002301475590375	888:674	0.7560819462227913	0.7482874194669447	0.6913946587537092	0.8051801801801802	0.729264475743349	0.7746478873239436	0.7098248286367099	0.8170963990696929
Fold 3	0.4966687593393354	909:653	0.7567221510883483	0.7461256079666159	0.6814701378254211	0.8107810781078107	0.7212317666126418	0.7798941798941799	0.7007874015748031	0.8309823325364696
Fold 4	0.5432881009610372	914:648	0.7791293213828425	0.770399411081395	0.7191358024691358	0.8216630196936543	0.7408585055643879	0.804930332261522	0.7298355520751763	0.8546360456006701
Fold 5	0.5355384114778308	902:660	0.7746478873239436	0.765650406504065	0.7075757575757575	0.8237250554323725	0.7460063897763578	0.7938034188034188	0.7262830482115085	0.8501864543438823
Mean	0.5102287436515356	-	0.7618437900128041	0.7529046116604131	0.6913273750712025	0.8144818482496238	0.7345690017328956	0.7801243780939802	0.7121589514877675	0.8353413985166795
SD	0.02319882379180601	-	0.01218633507065234	0.01218542844284209	0.01961591898155824	0.0064411762261226135	0.007929150081047623	0.0178274778427406	0.012741941942893489	0.013401563850356304
Test set	0.5545424137792169	2706:2077	0.7819360234162659	0.775888101157897	0.7298988926336062	0.8218773096821878	0.7587587587587588	0.7985637342908438	0.7440490797546013	0.8567104752327342
