	number	R2	MSE	RMSE	MSLE	RMSLE	MAE	Explained Variance	Max Error	Mean Poisson Distrib	Mean Gamma Distrib	Pearson r	Spearman r	Kendall tau
Fold 1	1340.0	0.6993594744820949	0.41720245847191106	0.6459121135819571	0.007041631896569447	0.08391443199217549	0.4970595127618134	0.7073231959545705	2.661680221557617	0.061953544371362676	0.00942846939775168	[0.8435990274956559]	0.8434721031621228	0.6554820478252518
Fold 2	1340.0	0.6447190755817203	0.44971994720685277	0.670611621735601	0.007715884946733267	0.0878401101247788	0.5110550131755088	0.6513171976137765	2.638810157775879	0.0673306212510806	0.010323676756283331	[0.8128468031587898]	0.8122615576852151	0.6229933488977757
Fold 3	1340.0	0.6570767123466248	0.5104255002745549	0.7144406905227018	0.008042935686281415	0.0896824157027531	0.527122763074334	0.6660957615595882	7.569847297668457	0.07249023204065796	0.010733950958200887	[0.8183615785029114]	0.8359006382192284	0.6458306989144684
Fold 4	1340.0	0.6956302780655066	0.4121458683414269	0.6419858786152752	0.006985117092565269	0.08357701294354368	0.48501632820954965	0.7032957909384112	3.0446003532409662	0.06146600693421997	0.009372695994026136	[0.840738942012526]	0.8357317715625358	0.6521410608522978
Fold 5	1339.0	0.6904262486255441	0.4473041482620476	0.6688080055307708	0.007513734845357662	0.08668180227335874	0.5003709325583859	0.699226835993221	3.177108459472656	0.06636246856878081	0.010115045231206887	[0.8371346815510051]	0.8418195148551041	0.656446859205128
Mean	1339.8	0.6774423578202982	0.44735958451135865	0.6683516619972611	0.007459860893501412	0.08633915460732197	0.5041249099559184	0.6854517564119135	3.818409297943115	0.0659205746332204	0.009994767667493784	[0.83053621]	0.8338371170968413	0.6465788031389843
SD	0.3651483716701107	0.020270317305855552	0.031969626662761805	0.023552077347468916	0.0003671339680324097	0.0021235338460465114	0.012949116178718564	0.020519685241206044	1.7230211065521983	0.003672519631202268	0.0004790105627794047	0.011397437831499362	0.010246171881413507	0.011287296096588009
Test set	3443.0	0.1090165601254538	1.4831507355995912	1.2178467619530755	0.02522107966180777	0.15881145947886685	0.9012624233577129	0.12074083853315887	6.950589447021485	0.21526289607620813	0.03256019825319035	[0.5818379439456617]	0.582349307435313	0.41983023580577944
