	MCC	0:1	ACC	BACC	Sensitivity	Specificity	PPV	NPV	F1	AUC 1
Fold 1	0.6403128073988655	304:164	0.8397435897435898	0.793806161745828	0.6402439024390244	0.9473684210526315	0.8677685950413223	0.829971181556196	0.736842105263158	0.8713896020539152
Fold 2	0.6005138177051097	296:172	0.8183760683760684	0.7845694531741043	0.6569767441860465	0.9121621621621622	0.8129496402877698	0.8206686930091185	0.7266881028938906	0.866554054054054
Fold 3	0.6107262593268981	308:160	0.8290598290598291	0.7935470779220779	0.68125	0.9058441558441559	0.7898550724637681	0.8454545454545455	0.7315436241610738	0.8642248376623376
Fold 4	0.6107554545801888	303:165	0.8269230769230769	0.7862886288628863	0.6484848484848484	0.9240924092409241	0.823076923076923	0.8284023668639053	0.7254237288135592	0.86990699069907
Fold 5	0.5574109786720273	311:157	0.8098290598290598	0.7591394105720195	0.6050955414012739	0.9131832797427653	0.7786885245901639	0.8208092485549133	0.6810035842293907	0.8466422266369018
Mean	0.6039438635366179	-	0.8247863247863247	0.783470146455383	0.6464102073022386	0.9205300856085279	0.8144677510919894	0.8290612070877357	0.7203002290722145	0.8637435422212558
SD	0.02446825607150238	-	0.00923182435670636	0.011615469475646126	0.02263732878510949	0.013370743131614305	0.028294108534923625	0.0082515935730592	0.018309055494048723	0.008134657797379997
Test set	0.6155454834324205	934:500	0.8298465829846583	0.7922441113490364	0.668	0.9164882226980728	0.8106796116504854	0.837573385518591	0.7324561403508772	0.86996573875803
