	MCC	0:1	ACC	BACC	Sensitivity	Specificity	PPV	NPV	F1	AUC 1
Fold 1	0.643479544945549	749:527	0.8283699059561128	0.8178102112114065	0.7571157495256167	0.8785046728971962	0.8142857142857143	0.8371501272264631	0.7846607669616519	0.8943993636043505
Fold 2	0.6399880620610308	740:535	0.8258823529411765	0.8150479919171507	0.7476635514018691	0.8824324324324324	0.8213552361396304	0.8286802030456852	0.7827788649706459	0.8878428896185906
Fold 3	0.5954416766383633	706:569	0.8007843137254902	0.7955585316917011	0.7469244288224957	0.8441926345609065	0.794392523364486	0.8054054054054054	0.769927536231884	0.8764917329244188
Fold 4	0.5961323230537512	781:494	0.8070588235294117	0.7997364014784326	0.7672064777327935	0.8322663252240717	0.7431372549019608	0.8496732026143791	0.7549800796812749	0.8918701757841861
Fold 5	0.5984536949695636	716:559	0.8031372549019608	0.7933398127142444	0.7137745974955277	0.8729050279329609	0.8142857142857143	0.7961783439490446	0.7607244995233555	0.8801930822198458
Mean	0.6146990603336515	-	0.8130465302108304	0.8042985898025871	0.7465369609956605	0.8620602186095135	0.797491288595501	0.8234174564481954	0.7706143494737624	0.8861594488302785
SD	0.020196255258026426	-	0.010676863701317037	0.009268319986874224	0.01640087136040429	0.0183029310263204	0.026132855391992026	0.018129396881429023	0.010708162913817001	0.0062236756567201675
Test set	0.617277074936511	2239:1665	0.813780737704918	0.8059323727479154	0.7525525525525526	0.8593121929432782	0.7991071428571429	0.8236301369863014	0.7751314568512218	0.8856450018575968
