	MCC	0:1	ACC	BACC	Sensitivity	Specificity	PPV	NPV	F1	AUC 1
Fold 1	0.6344300114588717	304:164	0.8376068376068376	0.7963735558408216	0.6585365853658537	0.9342105263157895	0.84375	0.8352941176470589	0.7397260273972602	0.8744383825417201
Fold 2	0.5761857107250795	296:172	0.8076923076923077	0.7724701445631679	0.6395348837209303	0.9054054054054054	0.7971014492753623	0.8121212121212121	0.7096774193548387	0.8624489314896291
Fold 3	0.6217411794798932	308:160	0.8333333333333334	0.8012987012987013	0.7	0.9025974025974026	0.7887323943661971	0.852760736196319	0.7417218543046357	0.8791396103896103
Fold 4	0.6208905180819813	303:165	0.8311965811965812	0.7937293729372937	0.6666666666666666	0.9207920792079208	0.8208955223880597	0.8353293413173652	0.7357859531772575	0.8743274327432743
Fold 5	0.5367938651006601	311:157	0.8012820512820513	0.7495545497368259	0.5923566878980892	0.9067524115755627	0.7622950819672131	0.815028901734104	0.6666666666666666	0.842136522825486
Mean	0.5980082569692972	-	0.8222222222222223	0.782685264875362	0.6514189647303079	0.9139515650204162	0.8025548895993664	0.8301068618032119	0.7187155841801317	0.866498175997944
SD	0.0332586304113933	-	0.01348017973981838	0.017596375651952822	0.03233381576556692	0.010885769042905254	0.02541347880038772	0.013651669097056583	0.025990071580805983	0.012206805007891975
Test set	0.6058460487981092	934:500	0.8249651324965133	0.7922141327623127	0.684	0.9004282655246253	0.7862068965517242	0.8418418418418419	0.7315508021390374	0.8751927194860813
