	MCC	0:1	ACC	BACC	Sensitivity	Specificity	PPV	NPV	F1	AUC 1
Fold 1	0.5668169942805842	1026:645	0.7923399162178336	0.78598984541457	0.7581395348837209	0.8138401559454191	0.7191176470588235	0.8425832492431887	0.7381132075471697	0.8672015957205677
Fold 2	0.6020369855109886	950:720	0.8059880239520958	0.796688596491228	0.7291666666666666	0.8642105263157894	0.8027522935779816	0.8080708661417323	0.7641921397379912	0.8751359649122806
Fold 3	0.599070233163186	958:712	0.8047904191616766	0.7975754146043958	0.7485955056179775	0.8465553235908142	0.7838235294117647	0.8191919191919191	0.7658045977011494	0.8663941732542046
Fold 4	0.5833471797246296	1001:669	0.8011976047904191	0.7892988924379059	0.7294469357249627	0.8491508491508492	0.7636932707355243	0.8244422890397672	0.746177370030581	0.8787274011489258
Fold 5	0.5535724013688451	957:713	0.7832335329341318	0.772604899896093	0.699859747545582	0.845350052246604	0.7712519319938176	0.7908113391984359	0.7338235294117647	0.8687122714302673
Mean	0.5809687588096467	-	0.7975098994112313	0.7884315297688386	0.7330416780877819	0.8438213814498952	0.7681277345555823	0.8170199325630086	0.7496221688857313	0.8712342812932492
SD	0.016970677046354597	-	0.007842481543270056	0.008256170766547674	0.018261080505019095	0.015015578638660479	0.025418601519056228	0.015707048403171105	0.012028264577479601	0.004423793860878321
Test set	0.28243146848631917	2169:1842	0.6397407130391424	0.6416476317911706	0.6650380021715526	0.6182572614107884	0.596687773989284	0.68488253319714	0.6290115532734274	0.6927655959580487
