	MCC	0:1	ACC	BACC	Sensitivity	Specificity	PPV	NPV	F1	AUC 1
Fold 1	0.6495895449621768	304:164	0.844017094017094	0.802711810012837	0.6646341463414634	0.9407894736842105	0.8582677165354331	0.8387096774193549	0.7491408934707903	0.8689826700898589
Fold 2	0.6005138177051097	296:172	0.8183760683760684	0.7845694531741043	0.6569767441860465	0.9121621621621622	0.8129496402877698	0.8206686930091185	0.7266881028938906	0.8724269327467002
Fold 3	0.647101149645884	308:160	0.844017094017094	0.815422077922078	0.725	0.9058441558441559	0.8	0.8637770897832817	0.760655737704918	0.8859374999999999
Fold 4	0.646155542389181	303:165	0.8418803418803419	0.8102610261026102	0.703030303030303	0.9174917491749175	0.8226950354609929	0.8501529051987767	0.7581699346405228	0.8952695269526952
Fold 5	0.5673732545382923	311:157	0.8141025641025641	0.7623548446556209	0.6050955414012739	0.9196141479099679	0.7916666666666666	0.8218390804597702	0.6859205776173285	0.8693755504126816
Mean	0.6221466618481288	-	0.8324786324786325	0.7950638423734501	0.6709473469918174	0.9191803377550828	0.8171158117901726	0.8390294891740604	0.73611504926549	0.8783984360403873
SD	0.030056532106846966	-	0.012187606630317633	0.01771964208318308	0.037688415351257415	0.010778859052650741	0.021144636777338067	0.015104664771220988	0.02538598129276198	0.009549861770647039
Test set	0.6305661051482792	934:500	0.8361227336122734	0.8017087794432548	0.688	0.9154175588865097	0.8132387706855791	0.8456973293768546	0.7453954496208016	0.8879807280513918
