	MCC	0:1	ACC	BACC	Sensitivity	Specificity	PPV	NPV	F1	AUC 1
Fold 1	0.5318814688523109	2593:1047	0.8162087912087912	0.7505588663328755	0.5959885386819485	0.9051291939838025	0.7172413793103448	0.8472924187725632	0.6510172143974962	0.860367951184421
Fold 2	0.49699680542941926	2606:1034	0.8063186813186813	0.7290974851963405	0.5502901353965184	0.9079048349961627	0.7033374536464772	0.8357470858353938	0.6174715138361367	0.8444420775742928
Fold 3	0.5277536176504614	2644:995	0.8164330860126409	0.7574029375318347	0.6271356783919598	0.8876701966717095	0.6775244299674267	0.8635025754231053	0.651356993736952	0.8629912041295736
Fold 4	0.5533947191626095	2611:1028	0.8186314921681781	0.7771846363857192	0.6819066147859922	0.8724626579854462	0.6779497098646035	0.8744721689059501	0.6799224054316197	0.861822065282023
Fold 5	0.5217304108724294	2604:1035	0.8068150590821654	0.75877134397471	0.6473429951690821	0.8701996927803379	0.6646825396825397	0.8612694792854428	0.6558981889378365	0.8415173237753882
Mean	0.5263514043934461	-	0.8128814219580913	0.754603053884296	0.6205327924851003	0.8886733152834918	0.6881471024942784	0.856456745644491	0.6511332632680082	0.8542281243891396
SD	0.01656771333096154	-	0.004771780491430579	0.014154100383712488	0.040958479797013725	0.014408988396317107	0.01753395471449381	0.012316902303214293	0.018187432110447422	0.008460576639161806
Test set	0.32254993571757445	9833:5652	0.6926703261220536	0.6569370284890006	0.5245930644019816	0.7892809925760196	0.5886440341473099	0.7428215926493109	0.5547759378800636	0.7274117356455784
