	MCC	0:1	ACC	BACC	Sensitivity	Specificity	PPV	NPV	F1	AUC 1
Fold 1	0.5044478295031143	868:694	0.7567221510883483	0.7487549635453326	0.6772334293948127	0.8202764976958525	0.7507987220447284	0.7606837606837606	0.7121212121212122	0.8338756158780329
Fold 2	0.5282278889422277	888:674	0.7695262483994878	0.762614617584944	0.712166172106825	0.8130630630630631	0.7430340557275542	0.7882096069868996	0.7272727272727274	0.8482018739808058
Fold 3	0.5166548724456397	909:653	0.7663252240717029	0.7561015672777078	0.6937212863705973	0.8184818481848185	0.7330097087378641	0.788135593220339	0.7128245476003147	0.8443234828842763
Fold 4	0.5731034862180467	914:648	0.793854033290653	0.7845533808790556	0.7299382716049383	0.8391684901531729	0.7629032258064516	0.8142250530785563	0.7460567823343849	0.8696848745171138
Fold 5	0.5713462491913359	902:660	0.7912932138284251	0.7849408721359941	0.7439393939393939	0.8259423503325942	0.7577160493827161	0.8150984682713348	0.7507645259938837	0.8613921924343209
Mean	0.5387560652600729	-	0.7755441741357234	0.7673930802846067	0.7113997106833134	0.8233864498859003	0.7494923523398629	0.793270496448178	0.7298079590645046	0.85149560793891
SD	0.025878645238540016	-	0.01328380100950855	0.013540755042311491	0.021920151131740104	0.00812306036392472	0.009683099170189497	0.018391252352530568	0.01478110639610258	0.011558142762710728
Test set	0.5792590538862902	2706:2077	0.7942713777963621	0.7873493735812747	0.7347135291285508	0.8399852180339985	0.7789688616641144	0.8048866855524079	0.7561942517343906	0.8710574158746359
