	MCC	0:1	ACC	BACC	Sensitivity	Specificity	PPV	NPV	F1	AUC 1
Fold 1	0.7212716692974028	322:186	0.8720472440944882	0.8434348493955788	0.7365591397849462	0.9503105590062112	0.8954248366013072	0.8619718309859155	0.8082595870206489	0.9031757162893208
Fold 2	0.6050941839949884	336:172	0.8267716535433071	0.7938468992248062	0.6918604651162791	0.8958333333333334	0.7727272727272727	0.8502824858757062	0.7300613496932515	0.8952277131782945
Fold 3	0.6425448926697246	340:168	0.8464566929133859	0.7994747899159664	0.6607142857142857	0.9382352941176471	0.8409090909090909	0.848404255319149	0.74	0.8887605042016807
Fold 4	0.6315905092947732	332:176	0.8366141732283464	0.8055859802847755	0.7045454545454546	0.9066265060240963	0.8	0.8526912181303116	0.7492447129909366	0.9038882803943045
Fold 5	0.6942806865390617	305:203	0.8543307086614174	0.835855608495518	0.7438423645320197	0.9278688524590164	0.8728323699421965	0.844776119402985	0.803191489361702	0.9073245578615844
Mean	0.6589563883591901	-	0.847244094488189	0.8156396254633289	0.707504341938597	0.9237749089880609	0.8363787140359735	0.8516251819428134	0.7661514278133078	0.8996753543850369
SD	0.03883805236065425	-	0.014131244320681715	0.018341942145250922	0.027711094114101918	0.018279328978422896	0.041252787277807686	0.00528009530047069	0.03004799259188268	0.00615666386494036
Test set	0.15619425931862604	802:347	0.6614447345517842	0.5735481181771795	0.3515850144092219	0.7955112219451371	0.42657342657342656	0.7392815758980301	0.38546603475513425	0.6625978281960805
