	MCC	0:1	ACC	BACC	Sensitivity	Specificity	PPV	NPV	F1	AUC 1
Fold 1	0.5698551316019348	1026:645	0.7959305804907241	0.7851715852939843	0.737984496124031	0.8323586744639376	0.7345679012345679	0.8347996089931574	0.7362722351121423	0.8653353884280037
Fold 2	0.5640137741142334	950:720	0.7874251497005988	0.7733114035087719	0.6708333333333333	0.8757894736842106	0.8036605657237936	0.7782974742750234	0.7312641937925813	0.8613070175438597
Fold 3	0.6079152456863728	958:712	0.8089820359281437	0.8023108184185217	0.7570224719101124	0.8475991649269311	0.7868613138686131	0.8243654822335026	0.7716535433070867	0.8776550514883535
Fold 4	0.5935308772151703	1001:669	0.8053892215568862	0.7957699998058743	0.7473841554559043	0.8441558441558441	0.7621951219512195	0.8333333333333334	0.7547169811320754	0.8796808572593324
Fold 5	0.5607549927527105	957:713	0.7868263473053893	0.7743093262752787	0.6886395511921458	0.8599791013584117	0.7856	0.7875598086124402	0.733931240657698	0.8557898470119778
Mean	0.5792140042740843	-	0.7969106669963485	0.7861746266604861	0.7203728016031055	0.851976451717867	0.7745769805556388	0.8116711414894914	0.7455676388003167	0.8679536323463054
SD	0.016773514392089614	-	0.008268745842825513	0.010485719060673618	0.031209350769089095	0.013517162813209803	0.021879608388740656	0.021834532618166407	0.01408654032276325	0.008471872094740302
Test set	0.29237885370248623	2169:1842	0.6479680877586637	0.6463902066879617	0.6270358306188925	0.6657445827570309	0.6143617021276596	0.67761614265603	0.6206340677055346	0.708638880003444
