	MCC	0:1	ACC	BACC	Sensitivity	Specificity	PPV	NPV	F1	AUC 1
Fold 1	0.5345347303982986	1026:645	0.7791741472172352	0.7674962600299198	0.7162790697674418	0.8187134502923976	0.7129629629629629	0.8211143695014663	0.7146171693735499	0.8544056091995709
Fold 2	0.5597471334335075	950:720	0.7856287425149701	0.7739181286549708	0.6888888888888889	0.8589473684210527	0.7873015873015873	0.7846153846153846	0.7348148148148147	0.8678260233918128
Fold 3	0.5512507962446804	958:712	0.7820359281437126	0.7723326335295911	0.7064606741573034	0.8382045929018789	0.7644376899696048	0.7934782608695652	0.7343065693430657	0.8566697356383852
Fold 4	0.5671625246801106	1001:669	0.792814371257485	0.7825537691008543	0.7309417040358744	0.8341658341658341	0.7465648854961832	0.8226600985221675	0.7386706948640483	0.8665945414824339
Fold 5	0.5435307246226279	957:713	0.7784431137724551	0.7673523941841396	0.6914446002805049	0.8432601880877743	0.7667185069984448	0.7857838364167478	0.7271386430678467	0.8528829426928763
Mean	0.551245181875845	-	0.7836192605811717	0.7727306370998951	0.7068029874260027	0.8386582867737875	0.7555971265457566	0.8015303899850663	0.7299095782926651	0.8596757704810158
SD	0.010522967365510798	-	0.004789685936173278	0.005072584244662295	0.014314246613052879	0.011909441636971352	0.022753266356813243	0.015432136251939808	0.007764104281697843	0.005733663306108474
Test set	0.3185071752420843	2169:1842	0.6609324358015457	0.6594822213511984	0.6416938110749185	0.6772706316274781	0.6280552603613178	0.6899953029591357	0.6348012889366272	0.7195091580152468
