	MCC	0:1	ACC	BACC	Sensitivity	Specificity	PPV	NPV	F1	AUC 1
Fold 1	0.5883653085689805	749:527	0.8017241379310345	0.7914575537782191	0.7324478178368121	0.8504672897196262	0.7751004016064257	0.8187660668380463	0.7531707317073171	0.8759129820152362
Fold 2	0.598943756469315	740:535	0.8062745098039216	0.7940136398080323	0.7177570093457943	0.8702702702702703	0.8	0.810062893081761	0.7566502463054188	0.8841854003536246
Fold 3	0.5442515535804632	706:569	0.7756862745098039	0.766586427159621	0.6818980667838312	0.8512747875354107	0.7870182555780934	0.768542199488491	0.7306967984934086	0.8634127762537527
Fold 4	0.5891963051503156	781:494	0.8031372549019608	0.7969073180340787	0.7692307692307693	0.8245838668373879	0.7350096711798839	0.8496042216358839	0.751730959446093	0.8739522153161886
Fold 5	0.6197846845399153	716:559	0.8133333333333334	0.8032025464466674	0.7209302325581395	0.8854748603351955	0.8309278350515464	0.8025316455696202	0.7720306513409961	0.8788439052178171
Mean	0.5881083216617979	-	0.8000311020960108	0.7904334970453238	0.7244527791510692	0.8564142149395781	0.7856112326831899	0.8099014053227604	0.7528558774586467	0.8752614558313239
SD	0.02252947872431383	-	0.011698395057251273	0.011456496245475413	0.02561618710765776	0.018759273591382433	0.02867521108621218	0.023874041660804566	0.012072410299971269	0.006258334899298083
Test set	0.6043051875087655	2239:1665	0.8076331967213115	0.7987251655407082	0.7381381381381381	0.8593121929432782	0.7959844559585493	0.8152542372881356	0.7659707073854783	0.8792198630072681
