	MCC	0:1	ACC	BACC	Sensitivity	Specificity	PPV	NPV	F1	AUC 1
Fold 1	0.6534460517233219	749:527	0.8330721003134797	0.8232216009708073	0.7666034155597723	0.8798397863818425	0.8178137651821862	0.8427109974424553	0.7913809990205681	0.8919546112083664
Fold 2	0.6107392427760989	740:535	0.8117647058823529	0.7961543319019955	0.6990654205607477	0.8932432432432432	0.82560706401766	0.8041362530413625	0.757085020242915	0.8743887345289214
Fold 3	0.5794018412094544	706:569	0.7929411764705883	0.7854070308727104	0.7152899824253075	0.8555240793201133	0.7996070726915521	0.7885117493472585	0.7551020408163266	0.8640749388868698
Fold 4	0.5879717927633143	781:494	0.8054901960784314	0.7921329967289938	0.7327935222672065	0.8514724711907811	0.7573221757322176	0.8343789209535759	0.7448559670781894	0.8883062823018346
Fold 5	0.5969228364270595	716:559	0.8023529411764706	0.7922492279709377	0.7101967799642218	0.8743016759776536	0.8151950718685832	0.7944162436548223	0.7590822179732314	0.8674133778395179
Mean	0.6056963529798498	-	0.8091242239842646	0.7978330376890889	0.7247898241554511	0.8708762512227267	0.8031090298984399	0.8128308328878949	0.761501249026246	0.877227588953102
SD	0.023762717452642065	-	0.012257109378145392	0.0120102195507646	0.021515050861973258	0.014168960741716053	0.022275408369681626	0.019846305166961262	0.014353684338115446	0.010140616917547883
Test set	0.6070268686493596	2239:1665	0.8089139344262295	0.800303653363055	0.7417417417417418	0.8588655649843681	0.7962604771115409	0.817254568635784	0.7680348258706469	0.8782971001372073
