	MCC	0:1	ACC	BACC	Sensitivity	Specificity	PPV	NPV	F1	AUC 1
Fold 1	0.4846205918726908	2807:1258	0.7830258302583026	0.7382722786492774	0.6208267090620032	0.8557178482365515	0.6585160202360877	0.8343174713442167	0.6391162029459901	0.8394404064786931
Fold 2	0.538489783492054	2812:1253	0.8066420664206642	0.7637842719436368	0.6520351157222666	0.8755334281650071	0.7000856898029134	0.849551414768806	0.6752066115702479	0.8601651910237621
Fold 3	0.49938276014463223	2825:1240	0.7911439114391144	0.7452141021981159	0.6274193548387097	0.8630088495575221	0.6678111587982832	0.8406896551724138	0.6469854469854469	0.8364795889237797
Fold 4	0.5059167098162971	2784:1281	0.7904059040590405	0.7479432488088509	0.6330991412958626	0.8627873563218391	0.6797988264878457	0.8363509749303621	0.6556184316895716	0.8465265440074654
Fold 5	0.5039192055669436	2790:1275	0.788929889298893	0.7487075690491249	0.6407843137254902	0.8566308243727598	0.6713229252259655	0.839185393258427	0.6556982343499197	0.8399061072457658
Mean	0.5064658101785235	-	0.792029520295203	0.7487842941298011	0.6348329269288664	0.862735661330736	0.6755069241102192	0.8400189818948451	0.6545249855082352	0.8445035675358932
SD	0.0161229894542613	-	0.007160319867050955	0.007626284790963669	0.009878221050860732	0.006459861647539475	0.012831975775741166	0.004795370107492624	0.010989214524190454	0.007751724086274855
Test set	0.558750026357613	8540:3905	0.8085174768983527	0.7813971009364683	0.7085787451984635	0.8542154566744731	0.6896809571286141	0.8650539547017668	0.6990021472780092	0.8695559946864495
