	MCC	0:1	ACC	BACC	Sensitivity	Specificity	PPV	NPV	F1	AUC 1
Fold 1	0.6734315823855871	322:186	0.8503937007874016	0.8150003339344152	0.6827956989247311	0.9472049689440993	0.8819444444444444	0.8379120879120879	0.7696969696969695	0.8945769050958391
Fold 2	0.5730294604898198	336:172	0.8149606299212598	0.7693106312292359	0.627906976744186	0.9107142857142857	0.782608695652174	0.827027027027027	0.6967741935483871	0.879014396456257
Fold 3	0.6242377285902414	340:168	0.8385826771653543	0.7950980392156863	0.6666666666666666	0.9235294117647059	0.8115942028985508	0.8486486486486486	0.7320261437908496	0.8732142857142857
Fold 4	0.6278890985887572	332:176	0.8346456692913385	0.8054148411829134	0.7102272727272727	0.9006024096385542	0.7911392405063291	0.8542857142857143	0.7485029940119761	0.8909330503833516
Fold 5	0.6651511253754016	305:203	0.8405511811023622	0.8194379391100703	0.7142857142857143	0.9245901639344263	0.8630952380952381	0.8294117647058824	0.7816711590296496	0.9174836469353146
Mean	0.6327477990859613	-	0.8358267716535434	0.8008523569344643	0.6803764658697142	0.9213282479992143	0.8260763643193473	0.839457048515872	0.7457342920155664	0.8910444569170096
SD	0.03257671462163809	-	0.010637209516619138	0.016301319033476997	0.028832176383459605	0.014302135478594628	0.03608188195295746	0.009679659995907093	0.027259061529646543	0.013989035767245852
Test set	0.2420796964866129	802:347	0.6631853785900783	0.626296290972856	0.5331412103746398	0.7194513715710723	0.45121951219512196	0.7807848443843031	0.488771466314399	0.6939854973517215
