	MCC	0:1	ACC	BACC	Sensitivity	Specificity	PPV	NPV	F1	AUC 1
Fold 1	0.629095537031546	749:527	0.8213166144200627	0.8115209906694061	0.7552182163187856	0.8678237650200267	0.8008048289738431	0.834403080872914	0.77734375	0.892985714032372
Fold 2	0.6301038198784987	740:535	0.8211764705882353	0.8091816115180601	0.7345794392523365	0.8837837837837837	0.8204592901878914	0.821608040201005	0.7751479289940828	0.8826989138671382
Fold 3	0.6065735672638541	706:569	0.8062745098039216	0.800004480799773	0.7416520210896309	0.8583569405099151	0.8084291187739464	0.8047808764940239	0.7736021998166821	0.8810696166924727
Fold 4	0.5954031784633607	781:494	0.8086274509803921	0.796553520608376	0.742914979757085	0.8501920614596671	0.7582644628099173	0.8394437420986094	0.7505112474437627	0.8895918758780138
Fold 5	0.606435793373031	716:559	0.8070588235294117	0.7978120846283767	0.7227191413237924	0.8729050279329609	0.8161616161616162	0.8012820512820513	0.7666034155597724	0.8814048430457422
Mean	0.6135223792020581	-	0.8128907738644047	0.8030145376447985	0.7394167595483261	0.8666123157412706	0.8008238633814428	0.8203035581897208	0.7686417083628599	0.8855501927031477
SD	0.012545108881966487	-	0.0062664460436768306	0.005601536157778859	0.009739353990160893	0.010596391852107754	0.020371301280308365	0.013961949633093064	0.00890253860527192	0.004416096626615138
Test set	0.621581235961691	2239:1665	0.8158299180327869	0.8082577888294726	0.7567567567567568	0.8597588209021885	0.8005082592121983	0.8261802575107297	0.7780179067613461	0.8934937170310103
