	number	R2	MSE	RMSE	MSLE	RMSLE	MAE	Explained Variance	Max Error	Mean Poisson Distrib	Mean Gamma Distrib	Pearson r	Spearman r	Kendall tau
Fold 1	508.0	0.6114804499634605	0.6819664733040731	0.8258126139167851	0.009945041721294515	0.09972483001386623	0.5490040069790337	0.612037770493198	8.185976028442383	0.0886205963028017	0.012299213178109959	[0.7971159360158465]	0.8364664882108006	0.6594741739745228
Fold 2	508.0	0.45773474256290947	0.9914814284257369	0.9957316046132798	0.014100778339986405	0.11874669822772507	0.5902772303153211	0.4591293417257791	9.978531227111816	0.12290572372494657	0.01628653561627061	[0.7248149791965449]	0.796527903236772	0.630269843789468
Fold 3	508.0	-0.7544599806212975	3.053422223881005	1.7474044248201401	0.019870392499520603	0.1409623797313333	0.6878423787815364	-0.7516968152242947	25.130040969848633	0.20902203090291332	0.019795680098899378	[0.42425517624476783]	0.786110099709096	0.6044978968228745
Fold 4	508.0	0.662529260757251	0.5657913693331801	0.7521910457677491	0.009718040863986832	0.09858012408181901	0.5698657732460443	0.663059226492811	2.9391291618347166	0.08338956618669191	0.012619393653823464	[0.8213675391640123]	0.8002950085650656	0.6183516864302255
Fold 5	508.0	0.6698626181975565	0.5857914133060053	0.7653701152422959	0.009441935527793351	0.09716962245369358	0.5619491601666129	0.6720591829773473	4.586693611145019	0.08495357697877853	0.012666094805350008	[0.821694583372158]	0.8033515939006506	0.6226758556750102
Mean	508.0	0.329429418171976	1.17569058165	1.01730196087205	0.012615237790516343	0.11103673090168745	0.5917877098977098	0.33091774129296814	10.164074199676515	0.11777829881922641	0.014733383470490686	[0.71784964]	0.804550218724477	0.6270538913384203
SD	0.0	0.499613440309629	0.8682866947353605	0.34252408924517275	0.0036614579269622707	0.01544026611338547	0.045515815117749076	0.4990351378262197	7.202250400219444	0.04370722297808161	0.0026679251964850732	0.13785807828658087	0.015505844639889669	0.016658759114911104
Test set	1149.0	-1.381490904816872	3.6727193111252214	1.9164340090713328	0.06967309498246761	0.2639566157202119	1.5618291700876101	-0.723576654599005	7.479326286315918	0.6188901635598753	0.10867149251034285	[0.177063045072342]	0.21178163848016276	0.13472771187127747
