	MCC	0:1	ACC	BACC	Sensitivity	Specificity	PPV	NPV	F1	AUC 1
Fold 1	0.5197438295498062	2807:1258	0.7906519065190651	0.7644112238141869	0.6955484896661367	0.8332739579622372	0.6515264333581534	0.8592946362968406	0.6728181468665898	0.8535183164052168
Fold 2	0.5408266991480866	2812:1253	0.8078720787207873	0.7644520859751675	0.6512370311252993	0.8776671408250356	0.7034482758620689	0.8495697074010327	0.6763365105677579	0.8603272487424207
Fold 3	0.5009903299657649	2825:1240	0.7879458794587946	0.7510576648586926	0.6564516129032258	0.8456637168141593	0.6512	0.8486678507992895	0.6538152610441768	0.8476060519554668
Fold 4	0.5178639369939193	2784:1281	0.7891758917589176	0.7620065479555305	0.6885245901639344	0.8354885057471264	0.6582089552238806	0.8535779816513761	0.6730255627623045	0.8571714581819161
Fold 5	0.523271254552137	2790:1275	0.7960639606396064	0.7598671726755217	0.6627450980392157	0.8569892473118279	0.6792604501607717	0.8475717830556541	0.6709011512504962	0.8587611216529623
Mean	0.5205392100419427	-	0.7943419434194341	0.7603589390558199	0.6709013643795624	0.8498165137320772	0.668728822920975	0.8517363918408385	0.669379326498265	0.8554768393875966
SD	0.011611737665534264	-	0.0066738794421897125	0.004521154248190767	0.016227881729790068	0.014850921536690685	0.018394768463149188	0.003915204213617393	0.007281014336744285	0.00414266059516313
Test set	0.5564032376435152	8540:3905	0.8070711128967457	0.7807601945503123	0.7101152368758002	0.8514051522248244	0.686046511627907	0.8652862073069142	0.6978734113501951	0.8698444467100667
