	MCC	0:1	ACC	BACC	Sensitivity	Specificity	PPV	NPV	F1	AUC 1
Fold 1	0.5432434398521382	1026:645	0.782166367444644	0.7730994152046784	0.7333333333333333	0.8128654970760234	0.7112781954887218	0.8290258449304175	0.7221374045801526	0.8602898287924807
Fold 2	0.5597887619651498	950:720	0.7856287425149701	0.775095029239766	0.6986111111111111	0.8515789473684211	0.781055900621118	0.7884990253411306	0.7375366568914955	0.8745921052631578
Fold 3	0.5668352284334387	958:712	0.7892215568862275	0.7813005793905843	0.7275280898876404	0.8350730688935282	0.7662721893491125	0.8048289738430584	0.7463976945244956	0.8690462926039736
Fold 4	0.5967680955621507	1001:669	0.8065868263473054	0.7980084190846524	0.7548579970104634	0.8411588411588412	0.7605421686746988	0.8369781312127237	0.757689422355589	0.8761067034609635
Fold 5	0.5372859857365039	957:713	0.7754491017964071	0.7642036752884556	0.6872370266479664	0.8411703239289446	0.7632398753894081	0.7830739299610895	0.7232472324723247	0.8616131816789553
Mean	0.5607843023098762	-	0.7878105189979108	0.7783414236416274	0.7203135115981029	0.8363693356851517	0.7564776659046117	0.808481181057684	0.7374016821648114	0.8683296223599063
SD	0.019114963256992034	-	0.009521571790838797	0.010274896350374567	0.022285778027971943	0.011771660002695744	0.021622758446621954	0.019546154586375694	0.012422328518166924	0.005915574849950785
Test set	0.30658804795890665	2169:1842	0.656444776863625	0.6527956112410138	0.6080347448425625	0.6975564776394652	0.6306306306306306	0.6769574944071588	0.6191265892758431	0.7108878987249513
