	MCC	0:1	ACC	BACC	Sensitivity	Specificity	PPV	NPV	F1	AUC 1
Fold 1	0.5284158316635313	2593:1047	0.8035714285714286	0.7681685428147415	0.6848137535816619	0.851523332047821	0.6506352087114338	0.8699763593380615	0.667287110283853	0.8621958465061507
Fold 2	0.4843671957769058	2606:1034	0.8024725274725275	0.7208691889420487	0.5319148936170213	0.9098234842670759	0.7006369426751592	0.8304728546409808	0.6047278724573942	0.8427672489167238
Fold 3	0.5307183403209154	2644:995	0.8142346798571036	0.7643520172724438	0.6542713567839196	0.8744326777609682	0.6622583926754833	0.8704819277108434	0.6582406471183013	0.8647070450588799
Fold 4	0.5090307795743694	2611:1028	0.7982962352294587	0.7577059119826772	0.664396887159533	0.8510149368058215	0.6371268656716418	0.8656018698870277	0.6504761904761905	0.8494218563485523
Fold 5	0.5211517305473529	2604:1035	0.8084638636988184	0.7555572252276319	0.6328502415458938	0.8782642089093702	0.6738683127572016	0.8575178102737158	0.6527154957648231	0.8451637020711356
Mean	0.5147367755766149	-	0.8054077469658673	0.7533305772479085	0.6336494265376059	0.8730117279582114	0.6649051444981839	0.8588101643701258	0.6466894632201124	0.8528511397802886
SD	0.01548412306186787	-	0.004996928584119225	0.015381160599835785	0.048885943086727224	0.01970754101366195	0.019745754494462926	0.013611971049827148	0.019870918385469227	0.008169328533227951
Test set	0.32000001366648256	9833:5652	0.693832741362609	0.653677039971631	0.5049539985845718	0.8024000813586901	0.594955180321034	0.7382110778443114	0.5462723705617764	0.7258224648156413
