	MCC	0:1	ACC	BACC	Sensitivity	Specificity	PPV	NPV	F1	AUC 1
Fold 1	0.4408047769856513	2593:1047	0.781043956043956	0.7076544336729075	0.5348615090735435	0.8804473582722715	0.6436781609195402	0.824187725631769	0.584246218049035	0.82921361641124
Fold 2	0.3966554927191791	2606:1034	0.7736263736263737	0.6738875174237104	0.44294003868471954	0.9048349961627015	0.6487252124645893	0.803680981595092	0.5264367816091954	0.8152663619589372
Fold 3	0.4409707599434815	2644:995	0.786479802143446	0.7101507917803845	0.5417085427135678	0.8785930408472012	0.6267441860465116	0.8359121986326017	0.5811320754716981	0.8181748378807805
Fold 4	0.4645969709251897	2611:1028	0.7842813959879088	0.7308362778248862	0.607976653696498	0.8536959019532746	0.6206554121151936	0.8468844984802432	0.6142506142506142	0.8242811019526785
Fold 5	0.4310241134956649	2604:1035	0.7754877713657599	0.7077739931877379	0.5507246376811594	0.8648233486943164	0.6182212581344902	0.8288553551711446	0.5825242718446602	0.8198902468888443
Mean	0.43481042281383325	-	0.7801838598334888	0.7060606027779253	0.5356422763698976	0.876478929185953	0.631604845936065	0.8279041519021701	0.5777179922450406	0.8213652330184962
SD	0.02012980920864652	-	0.004513356656480684	0.016689054022204063	0.048461073421034014	0.015701397593851286	0.011265792047634268	0.01307581074776684	0.025954347917372944	0.004465606471305217
Test set	0.2375389972476769	9833:5652	0.6708427510494026	0.6014578546654825	0.34447983014861994	0.8584358791823452	0.5831087151841868	0.6949613041330479	0.4330997664330997	0.6675417188203652
