	MCC	0:1	ACC	BACC	Sensitivity	Specificity	PPV	NPV	F1	AUC 1
Fold 1	0.4916167823191897	868:694	0.7503201024327785	0.743283443339221	0.6801152737752162	0.8064516129032258	0.7375	0.7592190889370932	0.7076461769115442	0.8363407880582743
Fold 2	0.5014857410327793	888:674	0.7567221510883483	0.7488504825300077	0.6913946587537092	0.8063063063063063	0.7304075235109718	0.7748917748917749	0.7103658536585367	0.8277478145801589
Fold 3	0.512599474090843	909:653	0.764404609475032	0.7540201187040603	0.6906584992343032	0.8173817381738174	0.7309562398703403	0.7862433862433862	0.7102362204724408	0.8387235354469598
Fold 4	0.5654251670263358	914:648	0.7900128040973111	0.7810465461814842	0.7283950617283951	0.8336980306345733	0.7564102564102564	0.8123667377398721	0.7421383647798742	0.861688548504741
Fold 5	0.5817241540473634	902:660	0.7964148527528809	0.7899852180339986	0.7484848484848485	0.8314855875831486	0.7647058823529411	0.8187772925764192	0.7565084226646248	0.8631626688167708
Mean	0.5305702637033022	-	0.7715749039692701	0.7634371617577542	0.7078096683952945	0.8190646551202143	0.7439959804289019	0.7902996560777092	0.725379007697404	0.8455326710813809
SD	0.03295910909293537	-	0.016737000907846383	0.016943602473555027	0.023835629257098194	0.010747959109108179	0.01277949557443663	0.02048491174429069	0.01834424802144793	0.013031918238412231
Test set	0.5638318111622058	2706:2077	0.7869537946895254	0.7787558879659353	0.7164179104477612	0.8410938654841094	0.7758081334723671	0.7944153577661431	0.7449311639549436	0.8680547623089047
