	MCC	0:1	ACC	BACC	Sensitivity	Specificity	PPV	NPV	F1	AUC 1
Fold 1	0.6343817925463562	304:164	0.8376068376068376	0.7977775994865213	0.6646341463414634	0.930921052631579	0.8384615384615385	0.8372781065088757	0.7414965986394557	0.8492257702182283
Fold 2	0.5907302880960809	296:172	0.8141025641025641	0.7787554996857322	0.6453488372093024	0.9121621621621622	0.8102189781021898	0.8157099697885196	0.7184466019417477	0.867752199874293
Fold 3	0.6387920070006085	308:160	0.8397435897435898	0.813676948051948	0.73125	0.8961038961038961	0.785234899328859	0.8652037617554859	0.7572815533980581	0.8991477272727272
Fold 4	0.6035821057556753	303:165	0.8226495726495726	0.7926492649264927	0.6909090909090909	0.8943894389438944	0.7808219178082192	0.8416149068322981	0.7331189710610932	0.8856685668566856
Fold 5	0.5757671886013365	311:157	0.8162393162393162	0.7750015360353902	0.6496815286624203	0.9003215434083601	0.7669172932330827	0.835820895522388	0.7034482758620689	0.8778954267106313
Mean	0.6086506764000115	-	0.826068376068376	0.7915721696372169	0.6763647206244554	0.9067796186499784	0.7963309253867779	0.8391255280815134	0.7307584001804848	0.8759379381865131
SD	0.02235600084860533	-	0.00976069373967289	0.012696073206917548	0.028969859996848837	0.012389343204308822	0.023082025593897177	0.014427365265989247	0.016940002576683162	0.015371821808899705
Test set	0.6132589612584606	934:500	0.8284518828451883	0.7944261241970021	0.682	0.9068522483940042	0.7967289719626168	0.841948310139165	0.7349137931034483	0.8789764453961456
