	MCC	0:1	ACC	BACC	Sensitivity	Specificity	PPV	NPV	F1	AUC 1
Fold 1	0.4226776679199285	2807:1258	0.7635916359163591	0.6994160068826345	0.5310015898251192	0.8678304239401496	0.6429258902791145	0.8050231328486451	0.5816282107096213	0.8064137294737266
Fold 2	0.4771413423425587	2812:1253	0.7771217712177122	0.7384649529606895	0.6376695929768555	0.8392603129445235	0.6386890487609912	0.8386638237384506	0.6381789137380192	0.8319055603677774
Fold 3	0.4521915716521191	2825:1240	0.7734317343173431	0.7195753639737368	0.5814516129032258	0.8576991150442478	0.6420302760463046	0.8235893949694085	0.6102412187896741	0.8131159006565799
Fold 4	0.4409745450420042	2784:1281	0.7599015990159902	0.7193514630272686	0.60967993754879	0.8290229885057471	0.6213206046141607	0.8219373219373219	0.6154452324665091	0.818110009690705
Fold 5	0.4306095812911848	2790:1275	0.7527675276752768	0.7170398481973435	0.6211764705882353	0.8129032258064516	0.6027397260273972	0.8244274809160306	0.6118192352259559	0.8009418792606648
Mean	0.44471894164955905	-	0.7653628536285363	0.7187695270083345	0.5961958407684451	0.8413432132482239	0.6295411091455936	0.8227282308819713	0.611462562185956	0.8140974158898908
SD	0.017349181388729453	-	0.008113607175963409	0.01130227378476492	0.03414090280446263	0.01795386286600604	0.01416984642867077	0.009761046795636497	0.016438433249449314	0.009715121133690593
Test set	0.4934597460937305	8540:3905	0.7777420650863801	0.7508425365906317	0.678617157490397	0.8230679156908665	0.6368661379476087	0.8485031385803959	0.65707909744607	0.8410713611025318
