	MCC	0:1	ACC	BACC	Sensitivity	Specificity	PPV	NPV	F1	AUC 1
Fold 1	0.5815392426984736	2593:1047	0.8247252747252747	0.7963984292439678	0.7297039159503342	0.8630929425376013	0.6827524575513851	0.8877429591431971	0.7054478301015696	0.8786627430916605
Fold 2	0.5092041734363293	2606:1034	0.8104395604395604	0.736059176042194	0.5638297872340425	0.9082885648503454	0.7092457420924574	0.8399574166075231	0.6282327586206896	0.8519773220851747
Fold 3	0.5180355787068318	2644:995	0.8112118713932399	0.7550635172838474	0.6311557788944724	0.8789712556732224	0.6624472573839663	0.8636194723151245	0.6464230571281524	0.8590509278616987
Fold 4	0.5192422587165293	2611:1028	0.8051662544655125	0.7595445116217381	0.6546692607003891	0.864419762543087	0.6553067185978578	0.8640888208269525	0.6549878345498783	0.8630612106517324
Fold 5	0.522264047742695	2604:1035	0.8062654575432812	0.7601337963890559	0.6531400966183575	0.8671274961597543	0.6614481409001957	0.8628200229270157	0.6572678658240155	0.8591126991547748
Mean	0.5300570602601719	-	0.8115616837133738	0.7614398861161605	0.6464997678795191	0.8763800043528021	0.6742400633051725	0.8636457383639625	0.6584718692448611	0.8623729805690082
SD	0.02383087980178165	-	0.006371985359612847	0.01785234147020383	0.04848286386755105	0.015438442927322705	0.018069465474835844	0.013800310714357847	0.023380571368727253	0.008119577247757524
Test set	0.3088714352959355	9833:5652	0.6841459476913142	0.6519176151136579	0.532554847841472	0.7712803823858436	0.572352158204982	0.7416389595149618	0.551736779396939	0.7207000305670875
