	MCC	0:1	ACC	BACC	Sensitivity	Specificity	PPV	NPV	F1	AUC 1
Fold 1	0.6068239005009829	854:486	0.817910447761194	0.8039436782606182	0.7530864197530864	0.8548009367681498	0.746938775510204	0.8588235294117647	0.7500000000000001	0.8898526421295092
Fold 2	0.6255886692192791	820:520	0.823134328358209	0.810811444652908	0.7557692307692307	0.8658536585365854	0.7813121272365805	0.8482676224611708	0.7683284457478006	0.8932387429643527
Fold 3	0.6021055036361282	816:524	0.8126865671641791	0.7956658808561592	0.7175572519083969	0.8737745098039216	0.7849686847599165	0.8281068524970964	0.7497507477567298	0.8892030571770693
Fold 4	0.6011469730540677	781:559	0.8074626865671641	0.7969439666131445	0.7334525939177102	0.8604353393085787	0.789980732177264	0.8185140073081608	0.7606679035250463	0.8828459454073604
Fold 5	0.6027458412441986	807:532	0.8110530246452576	0.7987289319954161	0.7387218045112782	0.8587360594795539	0.7751479289940828	0.8329326923076923	0.7564966313763234	0.8855037221306055
Mean	0.6076821775309312	-	0.8144494108992006	0.8012187804756492	0.7397174601719405	0.8627201007793579	0.7756696497356096	0.837328940797177	0.7570487456811802	0.8881288219617793
SD	0.008362163687947005	-	0.005014378358643835	0.005078588175761501	0.01269975806365337	0.005997569254755757	0.013837461301796476	0.01316591389313353	0.0063715560197987	0.0032923336134581893
Test set	0.4178846819585966	1707:1736	0.7005518443218124	0.7016682459593055	0.5691244239631337	0.8342120679554774	0.7773406766325728	0.6556169429097606	0.6571333555038245	0.7663773996474262
