	MCC	A:N	ACC	BACC	Sensitivity	Specificity	PPV	NPV	F1	AUC A	AUC N
Fold 1	0.5369401096453026	3991:1817	0.8090564738292011	0.7511879025551023	0.596587782058338	0.9057880230518667	0.7424657534246575	0.8314167433302668	0.6615807140677449	0.1312853480043913	0.8687146519956087
Fold 2	0.530411902481809	3991:1817	0.806301652892562	0.7485838044791755	0.5943863511282333	0.9027812578301178	0.7356948228882834	0.830184331797235	0.6575342465753425	0.13301847152791635	0.8669815284720835
Fold 3	0.544158341716799	3991:1816	0.8121232994661616	0.7540821473866861	0.5991189427312775	0.9090453520420947	0.7498277050310131	0.8328741965105602	0.6660544842363024	0.1261347116916145	0.8738652883083855
Fold 4	0.5536118330788656	3991:1816	0.8157396245910109	0.7592638916637324	0.6084801762114538	0.9100476071160111	0.7547814207650273	0.8362882799907898	0.6737804878048781	0.122316925637751	0.877683074362249
Fold 5	0.530100050516645	3991:1816	0.8059238849664199	0.7494219510418265	0.598568281938326	0.900275620145327	0.731986531986532	0.8313280888477557	0.6585883065737655	0.13352330739759172	0.8664766926024083
Mean	0.5390444474878843	-	0.809828987149071	0.7525079394253045	0.5994283068135257	0.9055875720370834	0.7429512468191026	0.8324183280953215	0.6635076478516067	0.12925575285185298	0.8707442471481471
SD	0.008137484719469616	-	0.003378564557665497	0.0035304786755406083	0.004401923566953063	0.003366020608131611	0.007749785551768492	0.001930754464090719	0.005410054397423269	0.003966054948987375	0.003966054948987386
Test set	0.5820407667576089	8540:3905	0.8262756126958618	0.7752951389409481	0.6384122919334186	0.9121779859484778	0.7687326549491211	0.8465550967181048	0.6975377728035814	0.11228707565812161	0.8877129243418783
