	MCC	A:N	ACC	BACC	Sensitivity	Specificity	PPV	NPV	F1	AUC A	AUC N
Fold 1	0.508244805871276	1290:942	0.7625448028673835	0.7490396484471435	0.6624203821656051	0.8356589147286821	0.7464114832535885	0.7722063037249284	0.701912260967379	0.1614764890798071	0.8385235109201928
Fold 2	0.4735380195419319	1290:942	0.7455197132616488	0.7333086456327458	0.6549893842887473	0.8116279069767441	0.7174418604651163	0.7631195335276968	0.6847946725860155	0.1753847166674896	0.8246152833325104
Fold 3	0.5153164151354035	1290:942	0.7656810035842294	0.7536142793660199	0.6762208067940552	0.8310077519379845	0.7450292397660818	0.7785039941902687	0.7089593767390094	0.15876824832535097	0.841231751674649
Fold 4	0.5325899871000158	1289:942	0.7740923352756611	0.7613474458878737	0.6794055201698513	0.843289371605896	0.7600950118764845	0.7825773938084953	0.7174887892376681	0.16303064143932244	0.8369693585606776
Fold 5	0.5299961154970042	1289:942	0.7727476467951592	0.7606124170055624	0.6825902335456475	0.8386346004654771	0.7555816686251469	0.7833333333333333	0.7172336865588398	0.1554011651751963	0.8445988348248037
Mean	0.5119370686291262	-	0.7641171003568163	0.7515844872678692	0.6711252653927813	0.8320437091429568	0.7449118527972836	0.7759481117169446	0.7060777572177823	0.16281225213743328	0.8371877478625667
SD	0.01937443320902008	-	0.009352115295286827	0.009322209362788268	0.00967913828028972	0.010007103056522408	0.01354767162873444	0.006875014666611471	0.011055098316626875	0.006207213518517487	0.006207213518517477
Test set	0.5380538245956631	2706:2077	0.7746184403094293	0.7647765393047636	0.6899374097255657	0.8396156688839616	0.7675415104445634	0.7791495198902606	0.7266734279918864	0.15016256959960944	0.8498374304003907
