	MCC	A:N	ACC	BACC	Sensitivity	Specificity	PPV	NPV	F1	AUC A	AUC N
Fold 1	0.5751680756140913	1397:989	0.7958927074601844	0.7812548629049827	0.6956521739130435	0.8668575518969219	0.7871853546910755	0.8009259259259259	0.738593666129898	0.12835463542054945	0.8716453645794506
Fold 2	0.5828530815494666	1397:989	0.7992455993294216	0.7872188200484499	0.7168857431749242	0.8575518969219756	0.7808370044052864	0.8105548037889039	0.7474960463890353	0.12358419348698244	0.8764158065130176
Fold 3	0.5852782109118663	1397:989	0.8000838222967309	0.7897064560559859	0.7290192113245703	0.8503937007874016	0.7752688172043011	0.8159340659340659	0.7514330380406462	0.13141622992502353	0.8685837700749764
Fold 4	0.5807752664823933	1397:989	0.7984073763621123	0.7853217895056068	0.7087967644084934	0.8618468146027202	0.7841163310961968	0.806970509383378	0.7445565586829528	0.13246933158081775	0.8675306684191822
Fold 5	0.5838640720119924	1397:989	0.7996647108130763	0.7880196839536983	0.7199191102123357	0.8561202576950608	0.7798466593647316	0.811948404616429	0.7486855941114615	0.12416900870202144	0.8758309912979785
Mean	0.581587741313962	-	0.7986588432523052	0.7863043224937447	0.7140546006066735	0.858554044380816	0.7814508333523184	0.8092667419297406	0.7461529806707988	0.12799867982307891	0.8720013201769211
SD	0.0032216599308810424	-	0.0013602303933655483	0.0026399399204812524	0.010268410821512874	0.005054855710566572	0.0036777959210260104	0.004621426962409745	0.003995596778199734	0.003315296636619658	0.0033152966366196642
Test set	0.3126148538215476	2169:1842	0.6586886063325854	0.6562616856114363	0.6264929424538545	0.686030428769018	0.6288828337874659	0.6838235294117647	0.6276856132716887	0.2869091366901793	0.7130907381627103
