	MCC	A:N	ACC	BACC	Sensitivity	Specificity	PPV	NPV	F1	AUC A	AUC N
Fold 1	0.7186574454765469	464:262	0.871900826446281	0.8515974598578573	0.7786259541984732	0.9245689655172413	0.8535564853556485	0.8809034907597536	0.8143712574850299	0.07521716241116083	0.9247828375888392
Fold 2	0.7045190931310454	463:263	0.8650137741046832	0.8465372960277247	0.779467680608365	0.9136069114470843	0.8367346938775511	0.8794178794178794	0.8070866141732285	0.0710854158283307	0.9289145841716693
Fold 3	0.6857755480301846	463:263	0.8553719008264463	0.8414415820118422	0.7908745247148289	0.8920086393088553	0.8062015503875969	0.8824786324786325	0.7984644913627639	0.08272220351649436	0.9172777964835056
Fold 4	0.6566272243617859	463:263	0.8443526170798898	0.8122715962190705	0.6958174904942965	0.9287257019438445	0.8472222222222222	0.8431372549019608	0.7640918580375783	0.11172794389376607	0.888272056106234
Fold 5	0.6623870734107615	463:262	0.8468965517241379	0.8204787891777818	0.7251908396946565	0.9157667386609071	0.8296943231441049	0.8548387096774194	0.7739307535641549	0.07662440439879314	0.9233755956012069
Mean	0.685593276882065	-	0.8567071340362876	0.8344653446588552	0.753995297942124	0.9149353913755865	0.8346818549974249	0.8681551934471292	0.791588994924551	0.08347542600970902	0.916524573990291
SD	0.021714123923017765	-	0.009578735307348008	0.01400056827824634	0.03373905493646059	0.011626624430377996	0.015020707115049424	0.014706880897359801	0.01767477565131722	0.013338040073315675	0.013338040073315627
Test set	0.24771783275013293	802:347	0.6710182767624021	0.6278198595729696	0.5187319884726225	0.7369077306733167	0.46035805626598464	0.7796833773087071	0.48780487804878053	0.3135425125945942	0.6864574874054058
