	MCC	A:N	ACC	BACC	Sensitivity	Specificity	PPV	NPV	F1	AUC A	AUC N
Fold 1	0.6439108110660637	1056:766	0.827661909989023	0.8161914510641666	0.7441253263707572	0.8882575757575758	0.8284883720930233	0.8271604938271605	0.7840440165061898	0.10274868462694832	0.8972513153730517
Fold 2	0.6268251043436198	1056:766	0.8194291986827662	0.8089099216710183	0.7428198433420365	0.875	0.81169757489301	0.8242640499553969	0.7757327880027266	0.10836992641822929	0.8916300735817707
Fold 3	0.6679562010500351	1056:766	0.8391877058177827	0.8286442262046048	0.762402088772846	0.8948863636363636	0.8402877697841726	0.8385093167701864	0.7994524298425736	0.08863067687317035	0.9113693231268296
Fold 4	0.6133341484915049	1056:766	0.8128430296377607	0.8030488468233247	0.741514360313316	0.8645833333333334	0.7988748241912799	0.8217821782178217	0.7691266079891672	0.1094664827122399	0.8905335172877601
Fold 5	0.6315233910858078	1055:766	0.8215266337177375	0.8123556853476545	0.7545691906005222	0.8701421800947867	0.8083916083916084	0.8300180831826401	0.7805536799459825	0.09988244465618155	0.9001175553438184
Mean	0.6367099312074063	-	0.824129695569014	0.8138300262221538	0.7490861618798956	0.878573890564412	0.8175480298706187	0.8283468243906411	0.781781904457328	0.10181964305735387	0.8981803569426461
SD	0.016828642587159794	-	0.008118699004806261	0.007827853978396491	0.007400296490681047	0.010323699784876185	0.013561854269534865	0.005279525925424762	0.009270216577305129	0.006830630201603832	0.0068306302016038194
Test set	0.6477054605313174	2239:1665	0.8286372950819673	0.8199623920481447	0.760960960960961	0.8789638231353283	0.8237971391417426	0.8317836010143702	0.7911333125195129	0.10302218252195922	0.8969778174780407
