	MCC	A:N	ACC	BACC	Sensitivity	Specificity	PPV	NPV	F1	AUC A	AUC N
Fold 1	0.6500038825338389	12069:24940	0.8486314139803831	0.8184181633235201	0.9052927024859663	0.7315436241610739	0.8745061584940739	0.7889375390939147	0.88963316127507	0.08324659437850111	0.9167534056214989
Fold 2	0.6635804637741862	12069:24940	0.8544408116944527	0.8252086273108987	0.9092622293504411	0.7411550252713563	0.87891942172784	0.7980906495360457	0.8938333891724641	0.07985801103691198	0.9201419873019633
Fold 3	0.6585485242461656	12070:24939	0.8526844821529899	0.8211140817397267	0.9119050483178957	0.7303231151615576	0.8747932453744662	0.8004903741373047	0.8929637191770065	0.08224298605914089	0.9177570122798053
Fold 4	0.6578315698354298	12070:24939	0.8519819503364047	0.8223028979442233	0.9076546774128874	0.7369511184755593	0.8769904304366355	0.7943382746919093	0.8920591133004926	0.08080684060491194	0.9191931577340342
Fold 5	0.6621460240340745	12070:24939	0.85395444351374	0.823980230071233	0.9101808412526565	0.7377796188898095	0.8776291370244355	0.7990130103185284	0.8936086451587504	0.07938589877611231	0.9206141012238876
Mean	0.6584220928847391	-	0.852338620335594	0.8222048000779203	0.9088590997639694	0.7355505003918713	0.8765676786114902	0.7961739695555407	0.8924196056167567	0.08110806617111564	0.9188919328322379
SD	0.00431484687466827	-	0.001871732971404848	0.0021491485640115124	0.0020557699029765423	0.0036905738689712903	0.0015402698497634622	0.0037881584042328328	0.0013906164892272539	0.0013216518239634065	0.0013216517367386144
Test set	0.656375702412017	26068:53237	0.850614715339512	0.8220336044451519	0.9054604880064616	0.7386067208838423	0.8761496237594969	0.7927697945402891	0.8905639462380491	0.0821131614870875	0.9178868388731996
