	MCC	A:N	ACC	BACC	Sensitivity	Specificity	PPV	NPV	F1	AUC A	AUC N
Fold 1	0.537851140953953	3733:1467	0.8234615384615385	0.7438047254803462	0.5610088616223585	0.9266005893383338	0.7502278942570647	0.8430416768218377	0.6419656786271452	0.1260047137571259	0.873995286242874
Fold 2	0.5812160036809336	3733:1467	0.8394230769230769	0.7631974334547472	0.5882753919563736	0.9381194749531209	0.7888482632541134	0.8528981977593765	0.6739554861382273	0.11098995290807992	0.88901004709192
Fold 3	0.553914463749365	3732:1467	0.8295826120407771	0.7497369788070674	0.5664621676891616	0.9330117899249732	0.7687326549491211	0.8455560951918407	0.652276295133438	0.12151268602356523	0.8784873139764349
Fold 4	0.541631783584447	3732:1467	0.8247739949990383	0.7457670026762406	0.5644171779141104	0.9271168274383709	0.7527272727272727	0.8441083191022201	0.6451110245422672	0.11934751017563239	0.8806524898243674
Fold 5	0.5552649504822705	3732:1467	0.8305443354491249	0.7473040327724407	0.556237218813906	0.9383708467309754	0.780114722753346	0.8432458463761137	0.6494230003979308	0.1208334885888986	0.8791665114111014
Mean	0.5539756684901938	-	0.829557111574711	0.7499620346381685	0.567280163599182	0.9326439056771548	0.7681301615881836	0.8457700270502777	0.6525462969678016	0.1197376702906604	0.8802623297093396
SD	0.013880884567229874	-	0.00513722929962652	0.006295529566099764	0.010090765383322195	0.004654483819901192	0.013729363921098192	0.0033524429114601796	0.01029088612884841	0.004477762028927708	0.0044777620289276855
Test set	0.24992875606517942	9833:5652	0.6789796577332903	0.5993262285547266	0.3043170559094126	0.8943354012000406	0.6234142805364262	0.691026245481691	0.4089882296992034	0.2876807548048158	0.712319218205173
