	MCC	A:N	ACC	BACC	Sensitivity	Specificity	PPV	NPV	F1	AUC A	AUC N
Fold 1	0.5677370885572645	3733:1467	0.8342307692307692	0.7585465836399723	0.5848670756646217	0.9322260916153228	0.7722772277227723	0.851063829787234	0.6656322730799069	0.12114605982019648	0.8788539401798036
Fold 2	0.5951153384749452	3733:1467	0.8434615384615385	0.776354739531776	0.6223585548738922	0.9303509241896598	0.7783461210571185	0.8624286069034021	0.6916666666666665	0.10236379928020889	0.8976361094174526
Fold 3	0.5707134442503267	3732:1467	0.8343912290825158	0.7644634258072012	0.6039536468984322	0.92497320471597	0.7598627787307033	0.8559385073146542	0.6729965818458034	0.11853671081769636	0.8814632891823035
Fold 4	0.5549943538153024	3732:1467	0.8284285439507597	0.7574141838561975	0.5944103612815269	0.9204180064308681	0.7459366980325064	0.8523573200992556	0.661608497723824	0.12200311095622085	0.8779968890437791
Fold 5	0.5598151993782297	3732:1467	0.8311213694941335	0.755773315184871	0.5828220858895705	0.9287245444801715	0.7627118644067796	0.8499264345267288	0.6607418856259659	0.11780426985682149	0.8821957301431786
Mean	0.5696750848952137	-	0.8343266900439433	0.7625104496040037	0.5976823449216088	0.9273385542863984	0.763826937989976	0.854342939726255	0.6705291809884335	0.11637079014622882	0.8836291915933036
SD	0.012680573919753559	-	0.004628193111534113	0.006862356468310836	0.013190961979470386	0.0038377993608305874	0.010159008374919136	0.004125623490283957	0.01042617551544117	0.00655067563592135	0.006550643098034321
Test set	0.2907004831089938	9833:5652	0.693186955117856	0.6198792031454663	0.3483722576079264	0.8913861486830063	0.6483371748435957	0.704129177377892	0.4532167107837496	0.27387252106642357	0.7261274609402356
