	MCC	A:N	ACC	BACC	Sensitivity	Specificity	PPV	NPV	F1	AUC A	AUC N
Fold 1	0.6393498630800244	1056:766	0.8254665203073546	0.814656025001978	0.7467362924281984	0.8825757575757576	0.8218390804597702	0.827708703374778	0.7824897400820793	0.10408260147163542	0.8959173985283647
Fold 2	0.6507844918637553	1056:766	0.8309549945115258	0.8199286434844528	0.7506527415143603	0.8892045454545454	0.8309248554913294	0.8309734513274336	0.7887517146776405	0.10066683479705674	0.8993331652029433
Fold 3	0.638199072528503	1056:766	0.8249176728869374	0.8140032834876176	0.7454308093994778	0.8825757575757576	0.8215827338129497	0.8269742679680568	0.781656399726215	0.1005228113379223	0.8994765705356436
Fold 4	0.6282719518444224	1056:766	0.8199780461031834	0.8108174598465069	0.7532637075718016	0.8683712121212122	0.8058659217877095	0.8291139240506329	0.7786774628879892	0.11065946672996282	0.889340533270037
Fold 5	0.6484586918525148	1055:766	0.829763866007688	0.8200011136822045	0.758485639686684	0.8815165876777251	0.8229461756373938	0.8340807174887892	0.7894021739130435	0.10484451758999172	0.8951554824100083
Mean	0.641012814233844	-	0.8262162199633378	0.815881305100552	0.7509138381201044	0.8808487720809997	0.8206317534378306	0.8297702128419381	0.7841954982573935	0.10415524638531379	0.8958446299893993
SD	0.007347776314024928	-	0.003563819670612591	0.003266613332866831	0.004290255019622709	0.006217172276439758	0.0074352346581783215	0.0023283068655881333	0.0038226065734641235	0.00337018432115693	0.003370073289234025
Test set	0.6429001192709227	2239:1665	0.8263319672131147	0.8172596893454419	0.7555555555555555	0.8789638231353283	0.8227599738391105	0.8286315789473684	0.7877269881026925	0.09954371522035659	0.9004562847796433
