	MCC	A:N	ACC	BACC	Sensitivity	Specificity	PPV	NPV	F1	AUC A	AUC N
Fold 1	0.6459987965456883	12069:24940	0.8471723094382447	0.8155182363930787	0.9065356856455493	0.7245007871406082	0.8717899282794787	0.7895259593679458	0.8888233675354799	0.08413657854665266	0.9158634214533473
Fold 2	0.6546041329564561	12069:24940	0.850982193520495	0.8192643751914861	0.9104651162790698	0.7280636341039025	0.8737158028396629	0.7973684210526316	0.89171199120344	0.08238045565716988	0.9176195426817053
Fold 3	0.6489915270614567	12070:24939	0.8487935367072874	0.8156191529868089	0.9110228958659128	0.7202154101077051	0.8705981530444112	0.7966458944281525	0.8903519084567756	0.08436077317802082	0.9156392251609253
Fold 4	0.6539885450108905	12070:24939	0.850387743521846	0.8202008393437734	0.9070131119932635	0.7333885666942833	0.8754547565601053	0.7924089159430668	0.8909545660436812	0.08284125943358132	0.9171587405664188
Fold 5	0.6544847741836898	12070:24939	0.8509281526115269	0.819190995041987	0.910461526123742	0.727920463960232	0.8736437091188919	0.7973500317633179	0.8916727208466689	0.08144625994302652	0.9185537400569734
Mean	0.6516135551516362	-	0.84965278715988	0.8179587197914268	0.9090996671815075	0.7268177724013463	0.8730404699685099	0.7946598445110229	0.8907029108172091	0.08303306535169024	0.916966933983874
SD	0.0031944894395668877	-	0.001343200173013548	0.0018110710668342463	0.0017486010341326848	0.003977081137614222	0.001537179136140531	0.002885057616057908	0.0009727958570576328	0.0009967605673817908	0.0009967607548774333
Test set	0.6558189986294138	26068:53237	0.8507029821574932	0.8205429543811761	0.9085786201326146	0.7325072886297376	0.8740039390708852	0.7968867373341123	0.890955977159698	0.08298609354611398	0.917013906453886
