	MCC	A:N	ACC	BACC	Sensitivity	Specificity	PPV	NPV	F1	AUC A	AUC N
Fold 1	0.6166603844716178	1397:989	0.815590947191953	0.8013249538770426	0.717896865520728	0.8847530422333572	0.8151549942594719	0.8158415841584158	0.7634408602150538	0.11284834684753478	0.8871516531524652
Fold 2	0.5640544259854484	1397:989	0.7904442581726739	0.7770449895160292	0.698685540950455	0.8554044380816035	0.7737961926091825	0.8004018754186202	0.7343251859723697	0.1282243548033378	0.8717756451966622
Fold 3	0.5707952191422186	1397:989	0.7937971500419112	0.779317662505166	0.6946410515672397	0.8639942734430923	0.7833523375142531	0.7998674618952949	0.7363344051446945	0.13298176867518363	0.8670182313248164
Fold 4	0.5733166247412822	1397:989	0.7950544844928751	0.7798007864606593	0.6905965621840243	0.8690050107372942	0.7886836027713626	0.7986842105263158	0.7363881401617252	0.13345258835016247	0.8665470497592344
Fold 5	0.6449337560282956	1397:989	0.829002514668902	0.8169123059452112	0.7462082912032356	0.8876163206871869	0.8245810055865922	0.8316566063044937	0.7834394904458599	0.10839781620734304	0.8916021837926571
Mean	0.5939520820737726	-	0.8047778709136629	0.7908801396608216	0.7096056622851366	0.8721546170365068	0.7971136265481726	0.8092903476606279	0.7507856163879406	0.12318097497671235	0.8768189526451671
SD	0.02878289514255758	-	0.01368897921826343	0.014344697918902763	0.01876624187811015	0.011216537787615168	0.01772046351155609	0.011715047910198948	0.017858244057303775	0.009594288802420414	0.009594353376257256
Test set	0.27854564314605845	2169:1842	0.6419845425081027	0.6391389328155247	0.6042345276872965	0.6740433379437529	0.6115384615384616	0.6672752167959836	0.6078645548880394	0.3032507212227974	0.6967492787772026
