	MCC	A:N	ACC	BACC	Sensitivity	Specificity	PPV	NPV	F1	AUC A	AUC N
Fold 1	0.63144615979149	1163:751	0.8265412748171369	0.806556577472513	0.7137150466045273	0.8993981083404987	0.8208269525267994	0.8295003965107058	0.7635327635327636	0.1038649527772085	0.8961350472227915
Fold 2	0.6100780288043902	1162:752	0.8160919540229885	0.7995053923902296	0.7220744680851063	0.8769363166953529	0.7915451895043731	0.8298045602605864	0.7552155771905422	0.10503087578276633	0.8949691242172337
Fold 3	0.6158473417445967	1162:752	0.819226750261233	0.7988027337312777	0.7034574468085106	0.8941480206540448	0.8113496932515337	0.8232963549920761	0.7535612535612536	0.10177278261984105	0.8982272173801588
Fold 4	0.6747724312398954	1162:752	0.8463949843260188	0.8312657926538982	0.7606382978723404	0.9018932874354562	0.8338192419825073	0.8534201954397395	0.7955493741307371	0.08695458124290475	0.9130454187570951
Fold 5	0.6531851990810488	1162:752	0.8364681295715779	0.818632813930494	0.7353723404255319	0.9018932874354562	0.8290854572713643	0.8404170008019246	0.7794221282593377	0.09057258669938112	0.9094274133006188
Mean	0.6370658321322842	-	0.8289446185997911	0.8109526620356824	0.7270515199592034	0.8948538041121618	0.8173253069073155	0.8352877016010064	0.7694562193349268	0.09763915582442037	0.9023608441755796
SD	0.021953618483469457	-	0.010218630815236992	0.011325445600243813	0.018058333988110756	0.00857606978223725	0.013680490760975333	0.009682003716233699	0.014552807416203338	0.006764878359471852	0.006764878359471817
Test set	0.4096857632294406	1707:1736	0.7037467325007261	0.7041171619166404	0.6601382488479263	0.7480960749853545	0.7271573604060914	0.6839850026780931	0.6920289855072463	0.22531191029617811	0.7746880897038219
