	MCC	A:N	ACC	BACC	Sensitivity	Specificity	PPV	NPV	F1	AUC A	AUC N
Fold 1	0.6642372479677982	1163:751	0.841692789968652	0.8242131729204855	0.7430093209054593	0.9054170249355116	0.8353293413173652	0.8451043338683788	0.7864693446088794	0.09460014907037106	0.9053998509296289
Fold 2	0.6183741586017399	1162:752	0.8197492163009404	0.8046288497454865	0.7340425531914894	0.8752151462994836	0.7919655667144907	0.8356614626129828	0.761904761904762	0.1048586443036584	0.8951413556963417
Fold 3	0.655960419238281	1162:752	0.8375130616509927	0.8225432123631303	0.7526595744680851	0.8924268502581756	0.8191027496382055	0.8479149632052331	0.7844767844767845	0.10086928260153075	0.8991307173984693
Fold 4	0.6915206637526234	1162:752	0.85423197492163	0.8395969897828396	0.7712765957446809	0.9079173838209983	0.8442503639010189	0.8598207008964955	0.8061153578874218	0.08299268502581755	0.9170073149741824
Fold 5	0.6481998323917935	1162:752	0.8338557993730408	0.8188273611161974	0.7486702127659575	0.8889845094664371	0.8135838150289018	0.8453355155482815	0.7797783933518005	0.09249917603544879	0.9075008239645512
Mean	0.6556584643904472	-	0.8374085684430511	0.8219619171856278	0.7499316514151345	0.8939921829561213	0.8208463673199965	0.8467673952262743	0.7837489284459297	0.09516398740736531	0.9048360125926347
SD	0.021623809011237286	-	0.010213286808518199	0.01021977258889955	0.011291748773076983	0.010836223198301676	0.01656999851030517	0.0070694588770983426	0.012917174389641867	0.006856827504643829	0.006856827504643797
Test set	0.444975190938641	1707:1736	0.7223351728144061	0.722442693274373	0.7096774193548387	0.7352079671939075	0.7315914489311164	0.7134735645252984	0.72046783625731	0.21882753044525252	0.7811724695547475
