	MCC	A:N	ACC	BACC	Sensitivity	Specificity	PPV	NPV	F1	AUC A	AUC N
Fold 1	0.6261050324860746	8535:29595	0.877104642014162	0.789390337214968	0.9482007095793208	0.6305799648506151	0.898990869774147	0.7783080260303687	0.9229403058707448	0.07935418325088361	0.9206458187285828
Fold 2	0.6181270011632739	8535:29595	0.8743509047993706	0.7866158874150772	0.9454637607704004	0.6277680140597539	0.8980358174465627	0.7685025817555938	0.921139696805096	0.08189510550209511	0.9181048905389722
Fold 3	0.6124240518106682	8535:29595	0.8728822449514818	0.782251401536442	0.9463422875485724	0.6181605155243116	0.8957653681315166	0.7686480186480187	0.9203595077307307	0.08218871975338224	0.9178112822260842
Fold 4	0.6188737962776028	8535:29595	0.8746656176239181	0.7866101865518418	0.9460381821253591	0.6271821909783245	0.8979474021808852	0.7702158273381295	0.9213656931303991	0.0792805569980917	0.9207194449813747
Fold 5	0.6289358789332398	8535:29595	0.8776816155258327	0.792388338052876	0.9468153404291265	0.6379613356766256	0.9006782167079168	0.7757515315572019	0.9231706915296676	0.0773130663686382	0.9226869336313618
Mean	0.6208931521341718	-	0.8753370049829531	0.787451230154241	0.9465720560905557	0.6283304042179262	0.8982835348482057	0.7722851970658626	0.9217951790133277	0.08000632637461817	0.9199936740212753
SD	0.0054053091297017915	-	0.0016365991487393174	0.0030707908884416387	0.0008443767885388003	0.005814875696241277	0.0014577572157737824	0.003653981391129177	0.0009898330905429322	0.0016601209169623213	0.001660121507794661
Test set	0.18932525006528383	43741:29959	0.5586024423337856	0.5914043970256297	0.7668146466838012	0.41599414736745843	0.47349437322230925	0.7225796203637519	0.5854709023025855	0.334093341602506	0.6659066591605984
