	MCC	A:N	ACC	BACC	Sensitivity	Specificity	PPV	NPV	F1	AUC A	AUC N
Fold 1	0.6270102227185821	1056:766	0.8194291986827662	0.8098062050003956	0.7493472584856397	0.8702651515151515	0.8073136427566807	0.8271827182718272	0.7772511848341234	0.11431630271382229	0.8856836972861777
Fold 2	0.5910574377606771	1056:766	0.8024149286498353	0.7883164213940976	0.6997389033942559	0.8768939393939394	0.8048048048048048	0.801038062283737	0.7486033519553074	0.10931195110372657	0.8906880488962736
Fold 3	0.6210041684578199	1056:766	0.8166849615806806	0.8034951341087111	0.720626631853786	0.8863636363636364	0.8214285714285714	0.8139130434782609	0.7677329624478443	0.10764053722604636	0.8923594627739537
Fold 4	0.603834264063777	1056:766	0.8084522502744237	0.7969306313790647	0.7245430809399478	0.8693181818181818	0.8008658008658008	0.8131089459698848	0.7607950651130913	0.12021817390616346	0.8797818260938365
Fold 5	0.6304097551303607	1055:766	0.8209774848984075	0.8118817516983654	0.7545691906005222	0.8691943127962085	0.8072625698324022	0.8298642533936652	0.7800269905533063	0.10788363258386646	0.8921163674161335
Mean	0.6146631696262433	-	0.8135917648172226	0.802086028716127	0.7297650130548303	0.8744070443774234	0.8083350779376518	0.817021404679475	0.7668819109807345	0.11187411950672503	0.888125880493275
SD	0.013632734586742485	-	0.006448884114298871	0.007892222924269813	0.018307818945137163	0.006046612108102761	0.006349358282930194	0.00956231782979905	0.010425886520882824	0.004396957553656108	0.00439695755365616
Test set	0.6093391552533391	2239:1665	0.8101946721311475	0.7994185789183557	0.7261261261261261	0.8727110317105851	0.8092369477911646	0.8107883817427386	0.7654320987654321	0.11436304549301424	0.8856369545069857
