	MCC	A:N	ACC	BACC	Sensitivity	Specificity	PPV	NPV	F1	AUC A	AUC N
Fold 1	0.5925644374519401	1397:989	0.8038558256496228	0.7921893874856781	0.723963599595551	0.8604151753758053	0.7859495060373216	0.8149152542372882	0.7536842105263156	0.12428843260113213	0.8757115673988678
Fold 2	0.585507147766599	1397:989	0.8005029337803856	0.7885878522009825	0.7189079878665319	0.8582677165354331	0.7821782178217822	0.8117806364251862	0.7492096944151739	0.12447444437126214	0.8755255556287379
Fold 3	0.5812673366226795	1397:989	0.7984073763621123	0.7867983031673389	0.7189079878665319	0.854688618468146	0.7778993435448578	0.811141304347826	0.7472411981082502	0.1292463338672426	0.8707536661327573
Fold 4	0.585942970401295	1397:989	0.8009220452640402	0.787469248345979	0.7087967644084934	0.8661417322834646	0.7894144144144144	0.807743658210948	0.746936600958977	0.13403125142494426	0.8659687485750558
Fold 5	0.6074270568682294	1397:989	0.8109807208717519	0.7994550651294519	0.7320525783619818	0.8668575518969219	0.7956043956043956	0.8204607046070461	0.7625065824117957	0.12163432691604788	0.8783656730839522
Mean	0.5905417898221487	-	0.8029337803855825	0.7908999712658862	0.720525783619818	0.861274158911954	0.7862091754845544	0.8132083115656588	0.7519156572841025	0.12673495783612582	0.8732650421638741
SD	0.008383670531595295	-	0.004000996656205839	0.0042581619805652825	0.006922066088113954	0.004242904649085217	0.005536440981723548	0.003909050812824027	0.005311297411405999	0.0040136174941700475	0.0040136174941700535
Test set	0.2722766842108014	2169:1842	0.6364996260284218	0.6365637807242412	0.6373507057546145	0.6357768556938681	0.5977596741344195	0.6736687835857352	0.6169206516027325	0.3066410815914107	0.6933589184085893
