	MCC	A:N	ACC	BACC	Sensitivity	Specificity	PPV	NPV	F1	AUC A	AUC N
Fold 1	0.642693045110799	8535:29595	0.8821924993443483	0.7984208014998021	0.9500929211015374	0.6467486818980668	0.9031574213856679	0.7889095326568529	0.9260308259781319	0.0750434141519773	0.9249565898069556
Fold 2	0.6339739939553076	8535:29595	0.8793600839234199	0.7944701032776698	0.9481669200878526	0.6407732864674868	0.9015003052012722	0.7809510209910039	0.9242449194690557	0.0771306328067062	0.9228693652138273
Fold 3	0.6334190184857957	8535:29595	0.8794387621295567	0.7928532850185175	0.9496198682209833	0.6360867018160515	0.9004806151874399	0.7845375722543353	0.9243976646657347	0.07667650560441373	0.9233234963750526
Fold 4	0.6303558051394328	8535:29595	0.8781012326252294	0.7932422798583454	0.9468829194120628	0.639601640304628	0.9010900672047333	0.7764187171099417	0.9234191188585362	0.07802399766502144	0.9219760003555122
Fold 5	0.6549958325306665	8535:29595	0.8858116968266457	0.806171659524257	0.9503632370332826	0.6619800820152314	0.9069684950501435	0.7936507936507936	0.9281589281589281	0.07042819124377099	0.929571808756229
Mean	0.6390875390444004	-	0.8809808549698401	0.7970316258357184	0.9490251731711439	0.6450380785002928	0.9026393808058515	0.7848935273325854	0.9252502914260774	0.07546054829437793	0.9245394521015153
SD	0.008171057880599913	-	0.0025199963325466326	0.004543293548180189	0.0011979157084703938	0.008344939613983787	0.0021357173285675465	0.005481947353412801	0.0015362475911113555	0.002460949190575003	0.002460949706948265
Test set	0.15638185722190934	43741:29959	0.5281953867028494	0.571582623791132	0.8035982509429553	0.33956699663930867	0.4545626191869796	0.7162559675941553	0.580666168206266	0.34230378180541365	0.6576962155237207
