	MCC	A:N	ACC	BACC	Sensitivity	Specificity	PPV	NPV	F1	AUC A	AUC N
Fold 1	0.6614548802876349	12069:24940	0.8544137912399686	0.8202711015510056	0.9184442662389736	0.7220979368630376	0.8722772277227723	0.8107730951716439	0.894765625	0.0805476286679048	0.9194523713320951
Fold 2	0.6738631388816773	12069:24940	0.8596287389553893	0.8266632676730559	0.9214514835605453	0.7318750517855663	0.8765686386695656	0.8184766493699036	0.8984498700080146	0.07664566473331672	0.9233543369278081
Fold 3	0.6626291256507287	12070:24939	0.8550622821475857	0.8199712368601924	0.92088696419263	0.7190555095277548	0.8713434761164017	0.8147765677806985	0.8954304429195258	0.08145613158575857	0.9185438684142415
Fold 4	0.6604907661239557	12070:24939	0.8538463616958037	0.8205653625832947	0.9162757127390834	0.7248550124275062	0.8731086657496562	0.8073267509458337	0.8941715090684981	0.08149674102905538	0.9185032589709445
Fold 5	0.6667876885742786	12070:24939	0.8569266935069848	0.8213546122962564	0.923653715064758	0.7190555095277548	0.8716794066449709	0.8200888216951715	0.8969142412148351	0.0782574419445917	0.921742559716462
Mean	0.665045119903655	-	0.8559755735091464	0.8217651161927609	0.9201424283591981	0.723387804026324	0.8729954829806733	0.8142883769926502	0.8959463376421747	0.07968072159212543	0.9203192790723103
SD	0.004477033827395724	-	0.0019173356053565718	0.00227485871011748	0.0023249493804340803	0.004347171179108981	0.00172033553571954	0.004325246775145085	0.0014150829072863366	0.0017530368987427555	0.0017530376028306609
Test set	0.6628105926993507	26068:53237	0.85442279805813	0.8205923418168619	0.9193418111463831	0.7218428724873408	0.870964871694487	0.8142010298126433	0.8944997304237373	0.08047655623485495	0.9195234434048579
