	MCC	A:N	ACC	BACC	Sensitivity	Specificity	PPV	NPV	F1	AUC A	AUC N
Fold 1	0.5894151972350418	437:232	0.8191330343796711	0.7796644440937426	0.6508620689655172	0.9084668192219679	0.7905759162303665	0.8305439330543933	0.7139479905437353	0.11879586522528209	0.8812041347747179
Fold 2	0.6488566404966736	437:232	0.8445440956651719	0.8102363292038192	0.6982758620689655	0.9221967963386728	0.826530612244898	0.8520084566596194	0.7570093457943925	0.11800678608064388	0.881993213919356
Fold 3	0.5622747055805382	437:232	0.8056801195814649	0.7734109918724847	0.6681034482758621	0.8787185354691075	0.7451923076923077	0.8329718004338394	0.7045454545454546	0.15076836581709147	0.8492267024382545
Fold 4	0.6346264057807486	437:232	0.8370702541106129	0.8105815513295984	0.7241379310344828	0.897025171624714	0.7887323943661971	0.8596491228070176	0.755056179775281	0.10131776217154581	0.8986822378284542
Fold 5	0.6207510703949249	436:232	0.8323353293413174	0.7959308763049668	0.6767241379310345	0.9151376146788991	0.8092783505154639	0.8417721518987342	0.7370892018779343	0.0980356295476115	0.9019693135083833
Mean	0.6111848038975853	-	0.8277525666156474	0.7939648385609223	0.6836206896551724	0.9043089874666723	0.7920619162098467	0.8433890929707207	0.7335296345073596	0.11738488176843495	0.8826151204938333
SD	0.02865397854260478	-	0.012591437013029104	0.013974403690308885	0.02315849506719401	0.013919085489039707	0.024814480754827117	0.0101227023416348	0.01936871610588489	0.01707522835455759	0.017077768957673007
Test set	0.6184214269858457	934:500	0.8305439330543933	0.7978907922912205	0.69	0.9057815845824411	0.7967667436489607	0.8451548451548452	0.7395498392282959	0.10845610278372592	0.891543897216274
