	MCC	A:N	ACC	BACC	Sensitivity	Specificity	PPV	NPV	F1	AUC A	AUC N
Fold 1	0.6942443109087358	464:262	0.8608815426997245	0.8396535272440115	0.7633587786259542	0.915948275862069	0.8368200836820083	0.8726899383983573	0.7984031936127746	0.0764304751250329	0.9235695248749672
Fold 2	0.7157177382627392	463:263	0.8705234159779615	0.8475720421453736	0.7642585551330798	0.9308855291576674	0.8626609442060086	0.8742393509127789	0.810483870967742	0.08081695669669621	0.9191830433033039
Fold 3	0.6742162990310906	463:263	0.8512396694214877	0.8316320245711142	0.7604562737642585	0.9028077753779697	0.8163265306122449	0.8690228690228691	0.7874015748031497	0.0823649697377822	0.9176350302622178
Fold 4	0.6409678078214469	463:263	0.837465564738292	0.8052295740295149	0.688212927756654	0.9222462203023758	0.8341013824884793	0.8388998035363457	0.7541666666666667	0.11060696893297967	0.8893971372024078
Fold 5	0.6355150505198214	463:262	0.8344827586206897	0.8099310833759253	0.7213740458015268	0.8984881209503239	0.8008474576271186	0.8507157464212679	0.7590361445783131	0.09562593771124266	0.9043740622887574
Mean	0.6721322413087668	-	0.8509185902916311	0.8268036502731878	0.7395321162162947	0.9140751843300812	0.8301512797231719	0.8611135416583238	0.7818982901257291	0.08916906164074673	0.9108317595863309
SD	0.028003044593901467	-	0.012482208417979554	0.01511005689903949	0.027629397440423226	0.010975526132178379	0.019003474332788515	0.012717583605452899	0.020048084081939626	0.011398830551850949	0.011397543502056465
Test set	0.2698985601853138	802:347	0.6971279373368147	0.6326259279754505	0.4697406340057637	0.7955112219451371	0.4984709480122324	0.7761557177615572	0.4836795252225519	0.3166076164056717	0.6833923835943283
