	MCC	A:N	ACC	BACC	Sensitivity	Specificity	PPV	NPV	F1	AUC A	AUC N
Fold 1	0.6340460873181044	12069:24940	0.8422275662676646	0.8090272266996181	0.9044907778668805	0.7135636755323557	0.8671151258889103	0.7833363652901583	0.8854086939456384	0.08922000422191484	0.9107799941169603
Fold 2	0.6381818525249768	12069:24940	0.8438758139911914	0.8114902213236201	0.9046110665597434	0.7183693760874968	0.8690677966101695	0.7846863969590008	0.886483300589391	0.08689584142716403	0.913104158572836
Fold 3	0.6355179678495401	12070:24939	0.8427139344483774	0.8102317259747587	0.9036448935402381	0.7168185584092792	0.868305463512368	0.7826322930800542	0.8856227771992219	0.0885057967289399	0.9114942016100063
Fold 4	0.6368187492088649	12070:24939	0.8431462617201221	0.8113006722317949	0.9028830346044349	0.719718309859155	0.8693822393822394	0.7819785759294265	0.8858160073958968	0.0890940971363665	0.9109059045246872
Fold 5	0.6378844531050544	12070:24939	0.8438758139911914	0.8108586923925364	0.9058101768314688	0.715907207953604	0.8682116914562436	0.7862602365787079	0.886612504415401	0.0884382200772038	0.9115617782617425
Mean	0.6364898220013082	-	0.8431678780837094	0.8105817077244657	0.904287989880553	0.7168754255683781	0.8684164633699861	0.7837787735674695	0.8859886567091099	0.08843079191831782	0.9115692074172465
SD	0.0014043086086894486	-	0.0005906302990353232	0.0008121910603149434	0.0008990760861751717	0.001924501960194661	0.0007193388214549819	0.0013983498027360722	0.00043472039616794365	0.0007554892213982579	0.0007554892977559772
Test set	0.6411913233504256	26068:53237	0.8442973330811424	0.8137260107191062	0.9029622255198452	0.7244897959183674	0.8700161077226576	0.7852153667054714	0.8861830583463913	0.08713093547315895	0.9128690645268409
