	MCC	A:N	ACC	BACC	Sensitivity	Specificity	PPV	NPV	F1	AUC A	AUC N
Fold 1	0.557173956091521	3991:1817	0.8174931129476584	0.7592753756491457	0.6037424325811778	0.9148083187171135	0.7633959638135004	0.8352779684282773	0.6742470805162877	0.12620526068078053	0.8737947393192192
Fold 2	0.5452145098871115	3991:1817	0.8125	0.7545929221320342	0.5998899284534948	0.9092959158105738	0.7506887052341598	0.8331037649219467	0.666870602630774	0.12232979625180321	0.8776702037481968
Fold 3	0.5576499201350252	3991:1816	0.8179783020492509	0.7581916829385942	0.598568281938326	0.9178150839388625	0.7681978798586573	0.8340163934426229	0.6728567007118539	0.12176067683124034	0.8782392541809378
Fold 4	0.5349490831337992	3991:1816	0.808334768382986	0.7501255578355264	0.5947136563876652	0.9055374592833876	0.7412491420727523	0.8308045977011494	0.6599450045829515	0.12400636840379843	0.8759936315962017
Fold 5	0.535155629450239	3991:1816	0.8091957981746168	0.7470007544508184	0.5809471365638766	0.91305437233776	0.7524964336661911	0.8272417707150965	0.6556867619639527	0.13428438104678259	0.8657156189532175
Mean	0.5460286197395392	-	0.8131003963109024	0.7538372586012239	0.5955722871849082	0.9121022300175394	0.7552056249290522	0.8320888990418187	0.6659212300811639	0.125717296642881	0.8742826895595547
SD	0.009137048843051934	-	0.003683465210152269	0.004274335567882039	0.007176368208882164	0.0039123267841206615	0.008740766878493513	0.0025839064069990434	0.006567361918645673	0.00415712879197824	0.004157117848646443
Test set	0.559974018736648	8540:3905	0.8181599035757332	0.7611816202730541	0.6081946222791293	0.9141686182669789	0.7641570141570142	0.8361358037913676	0.6773135605304436	0.12201833954546953	0.8779816604545305
