	MCC	A:N	ACC	BACC	Sensitivity	Specificity	PPV	NPV	F1	AUC A	AUC N
Fold 1	0.543903848379347	3733:1467	0.8248076923076924	0.7503283688599862	0.5794137695978187	0.9212429681221538	0.743006993006993	0.847879684418146	0.6510915358100344	0.12425061323215572	0.8757493867678442
Fold 2	0.5764235684658682	3733:1467	0.8365384615384616	0.7671881673630296	0.6080436264485344	0.9263327082775248	0.7643530419880035	0.8574262335730226	0.677296886864085	0.10445206636365247	0.8955479336363475
Fold 3	0.5727065520033372	3732:1467	0.8357376418542027	0.7625052878218996	0.5944103612815269	0.9306002143622722	0.770999115826702	0.8537364798426745	0.6712856043110084	0.11784719345427924	0.8821528065457207
Fold 4	0.5553236212764125	3732:1467	0.8284285439507597	0.758034749483273	0.5964553510565781	0.9196141479099679	0.7446808510638298	0.852882703777336	0.6623769871309614	0.12131834258656503	0.8786816574134348
Fold 5	0.5642745976207465	3732:1467	0.8328524716291594	0.7573928133842718	0.5841854124062713	0.9306002143622722	0.767921146953405	0.8506000489835905	0.6635694928377854	0.1162220329930862	0.8837780583337169
Mean	0.5625264375491423	-	0.8316729622560551	0.7590898773824921	0.5925017041581458	0.925678050606838	0.7581922297677866	0.852505030118954	0.6651241013907749	0.11681804972594774	0.8831819685394129
SD	0.010789674317750545	-	0.004067024454224589	0.005131677467232295	0.009140390070544908	0.004189766129102987	0.010876369931388956	0.002912619818098982	0.008093383776296897	0.006189070384975923	0.006189071850883581
Test set	0.2775011512804481	9833:5652	0.6880852437843074	0.6146208202098902	0.34253361641896674	0.8867080240008136	0.6347540983606558	0.7011660635303578	0.4449551827166169	0.276807261954038	0.723192738045962
