	MCC	A:N	ACC	BACC	Sensitivity	Specificity	PPV	NPV	F1	AUC A	AUC N
Fold 1	0.6414346626104168	437:232	0.8415545590433483	0.8028929614140299	0.6767241379310345	0.9290617848970252	0.8351063829787234	0.8440748440748441	0.7476190476190477	0.10139667008600962	0.8986033299139904
Fold 2	0.5969410508728278	437:232	0.8221225710014948	0.7849857965753966	0.6637931034482759	0.9061784897025171	0.7897435897435897	0.8354430379746836	0.7213114754098361	0.12204095320760672	0.8779590467923932
Fold 3	0.5905146561201142	437:232	0.8176382660687593	0.7886303558746943	0.6939655172413793	0.8832951945080092	0.7594339622641509	0.8446389496717724	0.7252252252252251	0.13294997238222994	0.8670500276177702
Fold 4	0.6361838342848527	437:232	0.8370702541106129	0.8136145742918015	0.7370689655172413	0.8901601830663616	0.7808219178082192	0.8644444444444445	0.7583148558758314	0.09752031878797444	0.9024796812120256
Fold 5	0.6457211445354293	436:232	0.842814371257485	0.8110170832015184	0.7068965517241379	0.9151376146788991	0.8159203980099502	0.854389721627409	0.7575057736720554	0.1040216703574818	0.8959783296425182
Mean	0.6221590696847282	-	0.8322400042963402	0.8002281542714881	0.6956896551724139	0.9047666533705625	0.7962052501609267	0.8485981995586307	0.7419952755603991	0.1115859169642605	0.8884140830357395
SD	0.021450451660518677	-	0.00946469488656561	0.010563591729084602	0.02315849506719398	0.015133715431717272	0.024264214982930184	0.009072301119831478	0.014419808380741828	0.012413771099620254	0.012413771099620241
Test set	0.6339451808420432	934:500	0.8361227336122734	0.8110021413276232	0.728	0.8940042826552462	0.7861771058315334	0.8599382080329557	0.7559709241952233	0.09823982869379015	0.9017601713062098
