	MCC	A:N	ACC	BACC	Sensitivity	Specificity	PPV	NPV	F1	AUC A	AUC N
Fold 1	0.6971930264845296	464:262	0.8622589531680441	0.8407311134509081	0.7633587786259542	0.9181034482758621	0.8403361344537815	0.8729508196721312	0.8	0.07039681495130298	0.929603185048697
Fold 2	0.6913145796422961	463:263	0.859504132231405	0.8274355542050933	0.7110266159695817	0.9438444924406048	0.8779342723004695	0.8518518518518519	0.7857142857142858	0.08682012663321537	0.9131798733667845
Fold 3	0.6486906946748956	463:263	0.8402203856749312	0.816422899095829	0.7300380228136882	0.9028077753779697	0.810126582278481	0.8548057259713702	0.768	0.0880026936248142	0.9119973063751858
Fold 4	0.625356649156625	463:263	0.8305785123966942	0.7981875518399593	0.6806083650190115	0.9157667386609071	0.8211009174311926	0.8346456692913385	0.7442827442827443	0.12348791564355463	0.8765120843564455
Fold 5	0.6124804568522044	463:262	0.8248275862068966	0.7949153380706643	0.6870229007633588	0.9028077753779697	0.8	0.836	0.7392197125256673	0.09912123060689498	0.900878769393105
Mean	0.65500708136211	-	0.8434779139355941	0.8155384913324909	0.7144109366383189	0.9166660460266627	0.829899581292785	0.8500508133573383	0.7674433485045395	0.09356575629195643	0.9064342437080436
SD	0.03115939414312186	-	0.013750199285431133	0.01582908737642064	0.02752050460152178	0.013696995772701854	0.025095238988497557	0.012812799866671852	0.0213192392758016	0.016017958378564023	0.01601795837856399
Test set	0.29125401212707774	802:347	0.7040905134899913	0.6441533054970643	0.49279538904899134	0.7955112219451371	0.5104477611940299	0.7837837837837838	0.501466275659824	0.2997297821728101	0.7002702178271899
