	MCC	A:N	ACC	BACC	Sensitivity	Specificity	PPV	NPV	F1	AUC A	AUC N
Fold 1	0.5391381204990773	3991:1817	0.8100895316804407	0.7516397998964925	0.5954870665932857	0.9077925331996993	0.7462068965517241	0.8313446535107848	0.6623813896541169	0.13070589343358827	0.8692941065664116
Fold 2	0.5374961762827324	3991:1817	0.809400826446281	0.7509887753775107	0.5949367088607594	0.907040841894262	0.7444903581267218	0.8310376492194674	0.6613643315998776	0.13165478132071237	0.8683452186792877
Fold 3	0.5534731838852346	3991:1816	0.8157396245910109	0.7589637946392599	0.6073788546255506	0.9105487346529691	0.7554794520547945	0.8359788359788359	0.6733821733821733	0.12451563650371927	0.8754842945084591
Fold 4	0.5537926961375176	3991:1816	0.8155674186326847	0.7603389978773827	0.612885462555066	0.9077925331996993	0.7515192437542201	0.8374942209893667	0.6751592356687898	0.12477854909228582	0.8752214509077142
Fold 5	0.5272575065390666	3991:1816	0.805062855174789	0.7471450079860302	0.5925110132158591	0.9017790027562015	0.7329700272479565	0.8294537911961282	0.6552984165651645	0.1337959472690205	0.8662040527309794
Mean	0.5422315366687256	-	0.8111720513050413	0.7538152751553351	0.6006398211701042	0.9069907291405663	0.7461331955470832	0.8330618301789166	0.6655171093740243	0.12909016152386524	0.8709098246785704
SD	0.009275860070734637	-	0.003692635537197497	0.004587673134540297	0.007308946496607648	0.0026175620310491454	0.0069801548728818585	0.002834870975924035	0.006908084822167844	0.0034362907498705518	0.0034362754433798293
Test set	0.56965634958337	8540:3905	0.8214543993571716	0.7685160890829328	0.6263764404609475	0.910655737704918	0.7622312246805859	0.842031182330013	0.6876581388810796	0.1200432550594176	0.8799567449405823
