	MCC	A:N	ACC	BACC	Sensitivity	Specificity	PPV	NPV	F1	AUC A	AUC N
Fold 1	0.6062129506229104	437:232	0.8266068759342302	0.7843742602383019	0.646551724137931	0.9221967963386728	0.8152173913043478	0.8309278350515464	0.7211538461538461	0.10616566716641679	0.8938343328335833
Fold 2	0.6056898948920061	437:232	0.8251121076233184	0.7933401720192536	0.6896551724137931	0.897025171624714	0.7804878048780488	0.8448275862068966	0.7322654462242563	0.11271009232225992	0.8872899076777401
Fold 3	0.6455034829510683	437:232	0.8430493273542601	0.8090921644440938	0.6982758620689655	0.919908466819222	0.8223350253807107	0.8516949152542372	0.7552447552447552	0.12637595675846286	0.8736240432415372
Fold 4	0.6403880902992761	437:232	0.8385650224215246	0.8167807543596624	0.7456896551724138	0.8878718535469108	0.7792792792792793	0.8680089485458613	0.762114537444934	0.10018346090112837	0.8998165390988716
Fold 5	0.6625736055753084	436:232	0.8502994011976048	0.8177594115786143	0.7112068965517241	0.9243119266055045	0.8333333333333334	0.8574468085106383	0.7674418604651163	0.10206422018348625	0.8979357798165137
Mean	0.6320736048681139	-	0.8367265469061878	0.8042693525279851	0.6982758620689655	0.9102628429870048	0.806130566835144	0.8505812187138359	0.7476440891065815	0.10949987946635084	0.8905001205336494
SD	0.02059375280087074	-	0.008802299499441382	0.01209020311084398	0.02933991071359502	0.013597955749759097	0.020263630166055743	0.011339181236919049	0.0163164098390688	0.008643968097888519	0.008643968097888498
Test set	0.6334953968712801	934:500	0.8361227336122734	0.8100728051391863	0.724	0.8961456102783726	0.7886710239651417	0.8584615384615385	0.7549530761209593	0.10145503211991434	0.8985449678800855
