	MCC	A:N	ACC	BACC	Sensitivity	Specificity	PPV	NPV	F1	AUC A	AUC N
Fold 1	0.6552174670989259	8535:29595	0.8869131917125623	0.7996692905483547	0.9576279776989356	0.6417106033977739	0.9026083633236728	0.8136978160748775	0.9293045217562383	0.0727121114542516	0.9272878905252149
Fold 2	0.6470251514114864	8535:29595	0.8843168109100445	0.7958706450378291	0.9560060821084643	0.635735207967194	0.9009935672887077	0.8064803804994055	0.9276849681131858	0.07415807207098604	0.9258419279290139
Fold 3	0.6447313167741957	8535:29595	0.8836873852609494	0.7941311691431276	0.9562763980402095	0.6319859402460457	0.9001017746962662	0.8065191387559809	0.9273391549388077	0.07630703028276777	0.9236929677377659
Fold 4	0.6472891602008546	8535:29595	0.8844741673223184	0.7954717627633272	0.956614292954891	0.6343292325717633	0.9007062865869178	0.8083009853687668	0.9278188342864633	0.07498615016845754	0.925013851811009
Fold 5	0.659763938959625	8535:29595	0.8882507212168896	0.802573613138827	0.9576955566818719	0.647451669595782	0.9040252615463128	0.8152847447624668	0.9300867967250233	0.07148101597696613	0.9285189840230338
Mean	0.6508054068890176	-	0.8855284552845528	0.7975432961262932	0.9568440614968745	0.6382425307557118	0.9016870506883754	0.8100566130922996	0.9284468551639437	0.07392887599068583	0.9260711244052076
SD	0.005216487725254053	-	0.0015967347311946394	0.002844748501364443	0.0006346670387226859	0.005124796924013489	0.0013084319118455928	0.003390602524212265	0.000968407816704355	0.0015437244978216038	0.001543725040144899
Test set	0.15474806292954724	43741:29959	0.5147489823609227	0.5667383746241298	0.8447544978136787	0.2887222514345808	0.44856433888691954	0.7308449074074074	0.5859757579967353	0.35016877989121575	0.6498312201087841
