	MCC	A:N	ACC	BACC	Sensitivity	Specificity	PPV	NPV	F1	AUC A	AUC N
Fold 1	0.5506497076285908	1397:989	0.7841575859178541	0.76990452602102	0.6865520728008089	0.8532569792412312	0.7680995475113123	0.7936085219707057	0.7250400427122263	0.14013634590372406	0.859863654096276
Fold 2	0.5489347058832245	1397:989	0.7833193629505448	0.7691887064075627	0.6865520728008089	0.8518253400143164	0.7663656884875847	0.7933333333333333	0.7242666666666667	0.14192987573400462	0.8580701242659953
Fold 3	0.5450796555052453	1397:989	0.7812238055322716	0.7684327169371317	0.6936299292214358	0.8432355046528275	0.7580110497237569	0.7954085077650236	0.7243928194297783	0.14305246038564512	0.8569475396143548
Fold 4	0.5177143052049036	1397:989	0.7682313495389773	0.7546797883374239	0.6754297269969667	0.8339298496778812	0.7422222222222222	0.7839838492597577	0.7072525145579673	0.15305366910026036	0.8469463308997397
Fold 5	0.5318244153685573	1397:989	0.7749371332774518	0.7617352075406422	0.6845298281092013	0.8389405869720831	0.7505543237250555	0.7897574123989218	0.7160232681121101	0.1488854131306939	0.8511145868693062
Mean	0.5388405579181043	-	0.77837384744342	0.7647881890487561	0.6853387259858443	0.844237652111668	0.7570505663339863	0.7912183249455484	0.7193950622957497	0.1454115528508656	0.8545884471491343
SD	0.011371154945049013	-	0.005488067107829837	0.005327984321764451	0.005331213883301943	0.006760612142085952	0.00886806039735075	0.00370170767523324	0.006316464873659227	0.004396681459800787	0.004396681459800742
Test set	0.2645993984051005	2169:1842	0.6355023684866616	0.6319586173547005	0.5884907709011944	0.6754264638082066	0.6062639821029083	0.6590193432298695	0.5972451790633609	0.30996486369727616	0.6900351363027238
