	MCC	A:N	ACC	BACC	Sensitivity	Specificity	PPV	NPV	F1	AUC A	AUC N
Fold 1	0.5370332891880661	1290:942	0.7759856630824373	0.7648200266627165	0.6932059447983014	0.8364341085271317	0.7557870370370371	0.7887426900584795	0.7231450719822814	0.15245848351684527	0.8475415164831548
Fold 2	0.5653362004373603	1290:942	0.7898745519713262	0.776405964548462	0.6900212314225053	0.8627906976744186	0.7859733978234583	0.7921708185053381	0.7348784624081401	0.1394488882305502	0.8605511117694499
Fold 3	0.5678375986886632	1290:942	0.7907706093189965	0.7801881202784773	0.7123142250530785	0.8480620155038759	0.7739331026528259	0.8014652014652015	0.7418463239358764	0.1359234845866456	0.8640765154133544
Fold 4	0.548225329853428	1289:942	0.7817122366651725	0.7673701531330761	0.6751592356687898	0.8595810705973623	0.7784577723378213	0.7835926449787836	0.7231381466742467	0.13982596492615124	0.8601740350738488
Fold 5	0.5548216731806015	1289:942	0.7848498431196773	0.7706569881687115	0.6794055201698513	0.8619084561675717	0.78239608801956	0.7862703467799009	0.7272727272727274	0.13495747950566528	0.8650425204943348
Mean	0.5546508182696238	-	0.7846385808315219	0.7718882505582887	0.6900212314225052	0.8537552696940722	0.7753094795741405	0.7904483403575406	0.7300561464546543	0.1405228601531715	0.8594771398468286
SD	0.010326035005568411	-	0.0049749082848298005	0.005183090736917954	0.011837033746410281	0.00926003178603051	0.009633890656225908	0.0056524860612967975	0.006653722139533159	0.005718768822644284	0.005718768822644287
Test set	0.5830963738104387	2706:2077	0.7963621158268869	0.7856718125985479	0.7043813192103996	0.8669623059866962	0.8025233132199671	0.7925675675675675	0.7502564102564101	0.11936099489677	0.88063900510323
