	MCC	A:N	ACC	BACC	Sensitivity	Specificity	PPV	NPV	F1	AUC A	AUC N
Fold 1	0.635925377502273	1056:766	0.8238199780461032	0.813056313790648	0.7454308093994778	0.8806818181818182	0.8192252510760402	0.8266666666666667	0.780587833219412	0.1053343075005934	0.8946656924994066
Fold 2	0.6462814040400325	1056:766	0.8287596048298573	0.8187517307540153	0.7558746736292428	0.8816287878787878	0.8224431818181818	0.832737030411449	0.7877551020408162	0.10149883297729252	0.8985011670227075
Fold 3	0.6394055939145538	1056:766	0.8254665203073546	0.8151937949996044	0.7506527415143603	0.8797348484848485	0.8190883190883191	0.8294642857142858	0.7833787465940055	0.09728135631774666	0.9027186436822533
Fold 4	0.6237189487051985	1056:766	0.8177826564215148	0.8085650071208166	0.7506527415143603	0.8664772727272727	0.803072625698324	0.8273056057866185	0.7759784075573549	0.10758552397341561	0.8924144760265844
Fold 5	0.6438087130261971	1055:766	0.827567270730368	0.817032531894621	0.7506527415143603	0.8834123222748815	0.8237822349570201	0.8299198575244879	0.7855191256830601	0.10370237461794513	0.8962976253820547
Mean	0.637828007437651	-	0.8246792060670396	0.8145198757119412	0.7506527415143602	0.8783870099095218	0.8175223225275771	0.8292186892207015	0.7826438430189298	0.10308047907739866	0.8969195209226013
SD	0.007215759044537169	-	0.003509774567341028	0.0032217665658970758	0.00301488391221735	0.005548085891450035	0.006801316160726749	0.0019622855171318016	0.0037324591679002528	0.00321178442892149	0.003211784428921477
Test set	0.6447663765399745	2239:1665	0.8271004098360656	0.8196233303424014	0.7687687687687688	0.870477891916034	0.8152866242038217	0.8350471293916024	0.7913446676970634	0.09595151203011855	0.9040484879698815
