	MCC	A:N	ACC	BACC	Sensitivity	Specificity	PPV	NPV	F1	AUC A	AUC N
Fold 1	0.6591468528640216	1163:751	0.8390804597701149	0.8241862669779361	0.7549933422103862	0.8933791917454859	0.8205499276410999	0.8495502861815208	0.7864077669902912	0.09408149409271443	0.9059185059072856
Fold 2	0.6158691134124092	1162:752	0.8187042842215256	0.802829860475336	0.7287234042553191	0.8769363166953529	0.7930535455861071	0.8331970564186427	0.7595287595287595	0.10432535613578935	0.8956746438642106
Fold 3	0.6187765347959076	1162:752	0.8202716823406478	0.8031823342000219	0.723404255319149	0.882960413080895	0.8	0.8314424635332253	0.7597765363128491	0.10514588750137327	0.8948541124986267
Fold 4	0.6505489020600143	1162:752	0.8343782654127482	0.8225420679679203	0.7672872340425532	0.8777969018932874	0.8025034770514604	0.8535564853556485	0.7845003399048266	0.09216157944849306	0.9078384205515069
Fold 5	0.6532429080476259	1162:752	0.8364681295715779	0.8191020159666019	0.738031914893617	0.9001721170395869	0.827123695976155	0.8415124698310539	0.7800421644413211	0.08898817153110923	0.9110118284688908
Mean	0.6395168622359957	-	0.8297805642633229	0.8143685091175634	0.742488030144205	0.8862489880909216	0.8086461292509645	0.8418517522640183	0.7740511134356096	0.09694049774189586	0.903059502258104
SD	0.01675720728076726	-	0.007804413890362998	0.00860108949057871	0.0149716158915539	0.008303329242813556	0.011823262949308107	0.00795445751189792	0.0108966984912701	0.006001611015477601	0.006001611015477639
Test set	0.4335366027689959	1707:1736	0.7159453964565786	0.7162530809704686	0.6797235023041475	0.7527826596367897	0.7365792759051186	0.6979902227050516	0.7070101857399641	0.21696511248073128	0.7830348875192688
