	MCC	A:N	ACC	BACC	Sensitivity	Specificity	PPV	NPV	F1	AUC A	AUC N
Fold 1	0.6124967310104686	1163:751	0.8176593521421107	0.7985403239933456	0.7097203728362184	0.8873602751504729	0.802710843373494	0.8256	0.7533568904593639	0.10628419773921385	0.8937158022607861
Fold 2	0.605529632833309	1162:752	0.8140020898641588	0.7970804189401985	0.7180851063829787	0.8760757314974182	0.7894736842105263	0.8276422764227642	0.7520891364902508	0.11473134178049585	0.8852686582195042
Fold 3	0.6048865989601033	1162:752	0.8140020898641588	0.7949690097777127	0.7061170212765957	0.8838209982788297	0.7972972972972973	0.8229166666666666	0.7489421720733428	0.11717920313472735	0.8828207968652726
Fold 4	0.6361593383150856	1162:752	0.8281086729362591	0.813390339473395	0.7446808510638298	0.8820998278829604	0.8034433285509326	0.8422350041084634	0.7729468599033817	0.10591492108250633	0.8940850789174937
Fold 5	0.6379302435468837	1162:752	0.829153605015674	0.8130779195810598	0.738031914893617	0.8881239242685026	0.8102189781021898	0.8397070789259561	0.7724425887265136	0.10752508514300363	0.8924749148569965
Mean	0.61940050893317	-	0.8205851619644722	0.8034116023531425	0.723327053290648	0.8834961514156369	0.8006288263068878	0.83162020522477	0.7599555295305706	0.1103269497759894	0.8896730502240106
SD	0.013384856886277469	-	0.00612719992243281	0.0073948573225756115	0.014029864553853796	0.00394684706381715	0.006321438524788295	0.007140143013679316	0.009586601168262859	0.004281984190891008	0.0042819841908910165
Test set	0.4336737646955979	1707:1736	0.7165262852163811	0.7166970039333835	0.6964285714285714	0.7369654364381957	0.7291917973462002	0.7047619047619048	0.7124337065409546	0.21606832397906156	0.7839316760209384
