	MCC	A:N	ACC	BACC	Sensitivity	Specificity	PPV	NPV	F1	AUC A	AUC N
Fold 1	0.5392224074515901	1290:942	0.7773297491039427	0.7644077420629043	0.6815286624203821	0.8472868217054264	0.7651966626936829	0.7846374730796841	0.7209432902863561	0.15309172303691637	0.8469082769630837
Fold 2	0.5392927027835248	1290:942	0.7768817204301075	0.7665975411050214	0.7006369426751592	0.8325581395348837	0.7534246575342466	0.7920353982300885	0.7260726072607261	0.15302177455191823	0.8469782254480818
Fold 3	0.5434111235549728	1290:942	0.7791218637992832	0.7676763936206982	0.6942675159235668	0.8410852713178295	0.7613504074505238	0.7902403495994174	0.7262631871182677	0.14477361378561202	0.855226386214388
Fold 4	0.551194000178533	1289:942	0.7830569251456746	0.7699627255941586	0.6857749469214437	0.8541505042668736	0.7745803357314148	0.788117394416607	0.7274774774774775	0.14740273323681188	0.8525972667631883
Fold 5	0.536375581086654	1289:942	0.7758852532496638	0.7633277001708068	0.6825902335456475	0.8440651667959659	0.7618483412322274	0.7844268204758471	0.7200447928331466	0.14963293851781942	0.8503670614821806
Mean	0.541899163011055	-	0.7784551023457343	0.7663944205107178	0.6889596602972399	0.8438291807241958	0.7632800809284191	0.7878914871603289	0.7241602709951949	0.14958455662581557	0.8504154433741846
SD	0.004710779043404749	-	0.002308225106938064	0.002151324363319916	0.006713965308213118	0.006494948018464102	0.006248625620125276	0.002748718206481838	0.0027799661401589166	0.0029445584962395303	0.002944558496239529
Test set	0.5697620724274167	2706:2077	0.7898808279322601	0.781342732016194	0.7164179104477612	0.8462675535846268	0.7815126050420168	0.7954150746787079	0.747550866616428	0.13288654716546727	0.8671134528345328
