	MCC	A:N	ACC	BACC	Sensitivity	Specificity	PPV	NPV	F1	AUC A	AUC N
Fold 1	0.4904564777270592	3733:1467	0.8057692307692308	0.7232065527323046	0.5337423312883436	0.9126707741762657	0.7060414788097386	0.8328037154729895	0.6079192546583851	0.14410448931771774	0.8558955106822823
Fold 2	0.5371817694090887	3733:1467	0.8232692307692308	0.7432570027524004	0.5596455351056578	0.9268684703991428	0.7504570383912249	0.8426692644909888	0.6411557985162046	0.12268578245464876	0.8773142175453512
Fold 3	0.5046500753353214	3732:1467	0.8113098672821697	0.7285281553227818	0.5385139740967961	0.9185423365487674	0.7221206581352834	0.8350791717417784	0.6169465052713783	0.1422556514852295	0.8577442571879672
Fold 4	0.5330593391496078	3732:1467	0.8216964800923254	0.7415548278635884	0.5576005453306067	0.9255091103965702	0.7463503649635036	0.8418230563002681	0.6383144752243464	0.13388125762122172	0.8661187423787783
Fold 5	0.5116802888599657	3732:1467	0.8141950375072129	0.7305378016250326	0.5385139740967961	0.922561629153269	0.732159406858202	0.8356796116504854	0.6205813040062843	0.13731642399308547	0.8626835760069146
Mean	0.5154055900962086	-	0.815247969284034	0.7334168680592215	0.5456032719836401	0.921230464134803	0.7314257894315904	0.837610963931302	0.6249834675353197	0.13604872097438064	0.8639512607602586
SD	0.016009757525688093	-	0.0059496179708489584	0.007065098670983165	0.009851547463757281	0.004696811877602831	0.014812260014867035	0.003572530796235967	0.011650602435338595	0.006931744419469427	0.006931758049080905
Test set	0.2411846690810831	9833:5652	0.6765902486277042	0.5931943049060859	0.2843241330502477	0.9020644767619241	0.6252918287937743	0.6867982965543941	0.39090245682315733	0.2843663184379419	0.7156336995553989
