	MCC	A:N	ACC	BACC	Sensitivity	Specificity	PPV	NPV	F1	AUC A	AUC N
Fold 1	0.49811812006554057	3991:1817	0.7947658402203857	0.7287977476013381	0.5525591634562466	0.9050363317464295	0.7259580621836587	0.816271186440678	0.6275	0.14724461904998962	0.8527553809500105
Fold 2	0.5117304492675212	3991:1817	0.7992424242424242	0.7383507498365544	0.5756741882223445	0.9010273114507642	0.7258848022206801	0.8234485917105564	0.6421117249846532	0.14043582099349294	0.859564179006507
Fold 3	0.5050216555266493	3991:1816	0.7966247632168073	0.7351543036810797	0.5710352422907489	0.8992733650714106	0.7206393328700487	0.8216575091575091	0.6371735791090629	0.14847814245046953	0.8515219265373521
Fold 4	0.4975381127006968	3991:1816	0.7933528500086103	0.7324738508560561	0.5699339207048458	0.8950137810072664	0.7118294360385145	0.8205835056283023	0.6330275229357798	0.14834699660138395	0.851653003398616
Fold 5	0.4865178883736748	3991:1816	0.789736524883761	0.7250413788954664	0.5523127753303965	0.8977699824605362	0.7108433734939759	0.815059144676979	0.6216299969011465	0.15436025109359494	0.8456397489064051
Mean	0.4997852451868165	-	0.7947444805143976	0.7319636061740991	0.5643030580009165	0.8996241543472815	0.7190310013613755	0.819403987522805	0.6322885647861285	0.1477731660377862	0.8522268477597781
SD	0.007680707011338792	-	0.002909286055649432	0.004265684692620308	0.009018660841192397	0.0030571518033644597	0.006006181278356202	0.0029303170400132726	0.006550309438464338	0.0040482909358547274	0.004048288933656045
Test set	0.5256807455692897	8540:3905	0.8042587384491764	0.7456323634804356	0.5882202304737516	0.9030444964871195	0.73504	0.8274678111587983	0.65348506401138	0.13689115317838477	0.8631088618147034
