	MCC	A:N	ACC	BACC	Sensitivity	Specificity	PPV	NPV	F1	AUC A	AUC N
Fold 1	0.6531048039260581	8535:29595	0.8853134015211119	0.8046417200454525	0.9507011319479641	0.6585823081429408	0.9061513687600644	0.7939265536723163	0.9278918294995465	0.07242473450159462	0.9275752654984053
Fold 2	0.640697690856094	8535:29595	0.881379491214267	0.7983973151309521	0.9486399729684069	0.6481546572934974	0.9033721603706802	0.784458309699376	0.9254528373411568	0.07452273728927714	0.9254772646901893
Fold 3	0.6340240332720382	8535:29595	0.8797797010228167	0.7923225405897008	0.950667342456496	0.6339777387229056	0.9000607824946415	0.7875127346819968	0.9246721661682057	0.07680592311772291	0.9231940768822771
Fold 4	0.634175858442669	8535:29595	0.8794912142669814	0.7942210765070692	0.9486061834769387	0.6398359695371998	0.9013098754334147	0.7821541105700373	0.924353423439738	0.07509802960945226	0.9249019703905478
Fold 5	0.6518809077882103	8535:29595	0.8849462365591397	0.803904942856269	0.9506335529650278	0.6571763327475103	0.9057952350289762	0.7933521923620933	0.9276729041299151	0.07074244341175683	0.9292575565882433
Mean	0.6427766588570138	-	0.8821820089168634	0.7986975190258887	0.9498496367629666	0.6475454012888108	0.9033378844175554	0.788280780197164	0.9260086321157124	0.07391877358596075	0.9260812268099325
SD	0.007576963546560374	-	0.0022767691959177778	0.004531736215750869	0.0009144828988341536	0.008741244686190952	0.0021911815103149864	0.004288185996026607	0.0013632680431611823	0.0019327129250439248	0.0019327128219484156
Test set	0.18173485004549852	43741:29959	0.5463229308005427	0.5853503907616306	0.7940518708902167	0.3766489106330445	0.46594848692586427	0.7275336718922499	0.5872812106549485	0.3349435265590667	0.66505647458559
