	MCC	A:N	ACC	BACC	Sensitivity	Specificity	PPV	NPV	F1	AUC A	AUC N
Fold 1	0.7064508781926414	464:262	0.8663911845730028	0.8456254935509344	0.7709923664122137	0.9202586206896551	0.8451882845188284	0.8767967145790554	0.8063872255489022	0.0639559752566465	0.9360440247433535
Fold 2	0.7065593175619969	463:263	0.8663911845730028	0.8435110742471401	0.7604562737642585	0.9265658747300216	0.8547008547008547	0.8719512195121951	0.8048289738430583	0.07228030122609203	0.9277238049092955
Fold 3	0.6666092214360355	463:263	0.8484848484848485	0.8237236078147969	0.7338403041825095	0.9136069114470843	0.8283261802575107	0.8580121703853956	0.778225806451613	0.08365019011406845	0.9163498098859315
Fold 4	0.628447659076485	463:263	0.8319559228650137	0.7992674654468708	0.6806083650190115	0.91792656587473	0.8248847926267281	0.8349705304518664	0.7458333333333333	0.10939565899366833	0.8906043410063316
Fold 5	0.6401018622124612	463:262	0.8372413793103448	0.8062915272121742	0.6946564885496184	0.91792656587473	0.8272727272727273	0.8415841584158416	0.7551867219917012	0.08180963843503208	0.918190361564968
Mean	0.669633787695924	-	0.8500929039612425	0.8236838336543834	0.7281107595855223	0.9192569077232442	0.8360745678753299	0.8566629586688708	0.7780924122337216	0.08221835280510147	0.9177824684219761
SD	0.029711313005351854	-	0.013089216384439736	0.01719112586165391	0.03238713199433492	0.003870540538513838	0.010744916400702544	0.014937933134256263	0.022659717555657388	0.01398274222087195	0.013983228689820746
Test set	0.3191273317399987	802:347	0.7110530896431679	0.6605855677808361	0.5331412103746398	0.7880299251870324	0.5211267605633803	0.7959697732997482	0.527065527065527	0.2887198430436876	0.7112801569563123
