	MCC	A:N	ACC	BACC	Sensitivity	Specificity	PPV	NPV	F1	AUC A	AUC N
Fold 1	0.6413796517403471	437:232	0.8415545590433483	0.8008709461058945	0.6681034482758621	0.9336384439359268	0.842391304347826	0.8412371134020619	0.7451923076923077	0.09980864830742522	0.9001913516925748
Fold 2	0.6074534268929848	437:232	0.8266068759342302	0.7904403061627081	0.6724137931034483	0.9084668192219679	0.7959183673469388	0.8393234672304439	0.7289719626168225	0.1184900970567348	0.8815099029432653
Fold 3	0.6113710712736983	437:232	0.828101644245142	0.793606486230569	0.6810344827586207	0.9061784897025171	0.7939698492462312	0.8425531914893617	0.7331786542923433	0.13133729188037557	0.8686627081196244
Fold 4	0.6579241233058921	437:232	0.8460388639760837	0.8265456087745602	0.7629310344827587	0.8901601830663616	0.7866666666666666	0.8761261261261262	0.7746170678336981	0.10046950209105973	0.8995304979089402
Fold 5	0.6865674499460727	436:232	0.8607784431137725	0.827803701360329	0.7198275862068966	0.9357798165137615	0.8564102564102564	0.8625792811839323	0.7822014051522249	0.08954840240430245	0.9104515975956975
Mean	0.6409391446317989	-	0.8406160772625153	0.8078534097268122	0.7008620689655173	0.914844750488107	0.8150712888035837	0.8523638358863852	0.7528322795174792	0.10793078834797956	0.8920692116520204
SD	0.026975884438754483	-	0.011472264496867363	0.014732946325398634	0.032883157108208036	0.01589858408238126	0.026058335846651286	0.01328599307212749	0.019795081119271446	0.013655984478408698	0.013655984478408678
Test set	0.6252647454847021	934:500	0.8312412831241283	0.8095781584582441	0.738	0.8811563169164882	0.76875	0.8626834381551363	0.753061224489796	0.10161027837259101	0.8983897216274089
